Entity,Code,Year,share of global production|Copper|Mine|tonnes
Albania,ALB,1970,0.10169491
Albania,ALB,1971,0.10942761
Albania,ALB,1972,0.10244648
Albania,ALB,1973,0.10115607
Albania,ALB,1974,0.09859155
Albania,ALB,1975,0.13353115
Albania,ALB,1976,0.13774104
Albania,ALB,1977,0.13477089
Albania,ALB,1978,0.15796703
Albania,ALB,1979,0.13197279
Albania,ALB,1980,0.15972222
Albania,ALB,1981,0.14954486
Albania,ALB,1982,0.18469657
Albania,ALB,1983,0.19710907
Albania,ALB,1984,0.18053778
Albania,ALB,1985,0.12891114
Albania,ALB,1986,0.19105794
Albania,ALB,1987,0.19692962
Albania,ALB,1988,0.198039
Albania,ALB,1989,0.17699115
Albania,ALB,1990,0.13315217
Albania,ALB,1991,0.08574491
Albania,ALB,1992,0.020063357
Albania,ALB,1993,0.035827186
Albania,ALB,1994,0.02631579
Albania,ALB,1995,0.0365
Albania,ALB,1996,0.02390909
Albania,ALB,1997,0.0028173914
Albania,ALB,1998,0.019008264
Albania,ALB,1999,0.0067890626
Albania,ALB,2001,0
Albania,ALB,2002,0
Albania,ALB,2003,0
Albania,ALB,2004,0.004367347
Albania,ALB,2005,0.011306667
Albania,ALB,2006,0.0075496687
Albania,ALB,2007,0.015380645
Albania,ALB,2008,0.023288462
Albania,ALB,2009,0.01625
Albania,ALB,2010,0.016596273
Albania,ALB,2011,0.027198758
Albania,ALB,2012,0.034077846
Albania,ALB,2013,0.027646739
Albania,ALB,2014,0.018833334
Albania,ALB,2015,0.010911917
Albania,ALB,2016,0.0010634146
Albania,ALB,2017,0
Albania,ALB,2018,0.012626214
Albania,ALB,2019,0.017406862
Albania,ALB,2020,0.014902913
Albania,ALB,2021,0.024216982
Albania,ALB,2022,0.026936073
Algeria,DZA,1970,0.009728814
Algeria,DZA,1971,0.008653198
Algeria,DZA,1972,0.0065443427
Algeria,DZA,1973,0.005101156
Algeria,DZA,1974,0.0049295775
Algeria,DZA,1975,0.0056083086
Algeria,DZA,1976,0.005509642
Algeria,DZA,1977,0.0053908355
Algeria,DZA,1978,0.0027472528
Algeria,DZA,1979,0.0027210885
Algeria,DZA,1980,0.0027777778
Algeria,DZA,1981,0.0026007802
Algeria,DZA,1982,0.0026385225
Algeria,DZA,1983,0.0026281208
Algeria,DZA,1984,0.0025608195
Algeria,DZA,1985,0.002503129
Algeria,DZA,1986,0.0025188916
Algeria,DZA,1987,0.0024271845
Argentina,ARG,1970,0.007813559
Argentina,ARG,1971,0.008367003
Argentina,ARG,1972,0.017201835
Argentina,ARG,1973,0.004104046
Argentina,ARG,1974,0.0044366196
Argentina,ARG,1975,0.0056379824
Argentina,ARG,1976,0.0036501377
Argentina,ARG,1977,0.002277628
Argentina,ARG,1978,0.004381868
Argentina,ARG,1979,0.0012108843
Argentina,ARG,1980,0.0025277778
Argentina,ARG,1981,0.0010403121
Argentina,ARG,1982,0.00048812665
Argentina,ARG,1983,0.004178712
Argentina,ARG,1984,0.0028553137
Argentina,ARG,1985,0.0048936172
Argentina,ARG,1986,0.0039924434
Argentina,ARG,1987,0.0045995144
Argentina,ARG,1988,0.0056422018
Argentina,ARG,1989,0.0072234515
Argentina,ARG,1990,0.0038804347
Argentina,ARG,1991,0.0043837084
Argentina,ARG,1997,0.26453042
Argentina,ARG,1998,1.4072149
Argentina,ARG,1999,1.6416094
Argentina,ARG,2000,1.0917068
Argentina,ARG,2001,1.3990293
Argentina,ARG,2002,1.5001985
Argentina,ARG,2003,1.442174
Argentina,ARG,2004,1.2050544
Argentina,ARG,2005,1.24878
Argentina,ARG,2006,1.1930066
Argentina,ARG,2007,1.162729
Argentina,ARG,2008,1.0057693
Argentina,ARG,2009,0.894275
Argentina,ARG,2010,0.87142855
Argentina,ARG,2011,0.7248447
Argentina,ARG,2012,0.81257486
Argentina,ARG,2013,0.59565216
Argentina,ARG,2014,0.5516129
Argentina,ARG,2015,0.32020727
Argentina,ARG,2016,0.3995122
Argentina,ARG,2017,0.16567165
Argentina,ARG,2018,0.08446602
Argentina,ARG,2019,0
Argentina,ARG,2020,0
Argentina,ARG,2021,0
Argentina,ARG,2022,0
Armenia,ARM,1992,0.021119324
Armenia,ARM,1993,0.0052687037
Armenia,ARM,1994,0.051578946
Armenia,ARM,1995,0.0808
Armenia,ARM,1996,0.082618184
Armenia,ARM,1997,0.058869567
Armenia,ARM,1998,0.07568595
Armenia,ARM,1999,0.076796874
Armenia,ARM,2000,0.091984965
Armenia,ARM,2001,0.120145984
Armenia,ARM,2002,0.1223603
Armenia,ARM,2003,0.13092753
Armenia,ARM,2004,0.12040816
Armenia,ARM,2005,0.10933334
Armenia,ARM,2006,0.11874172
Armenia,ARM,2007,0.11373548
Armenia,ARM,2008,0.12021795
Armenia,ARM,2009,0.14520624
Armenia,ARM,2010,0.19293168
Armenia,ARM,2011,0.20867702
Armenia,ARM,2012,0.24495809
Armenia,ARM,2013,0.26571196
Armenia,ARM,2014,0.2739355
Armenia,ARM,2015,0.3728342
Armenia,ARM,2016,0.4548683
Armenia,ARM,2017,0.5116766
Armenia,ARM,2018,0.36973786
Armenia,ARM,2019,0.4797549
Armenia,ARM,2020,0.4376408
Armenia,ARM,2021,0.40524527
Armenia,ARM,2022,0.3019726
Australia,AUS,1970,2.6744068
Australia,AUS,1971,2.984192
Australia,AUS,1972,2.8416362
Australia,AUS,1973,3.1840317
Australia,AUS,1974,3.54
Australia,AUS,1975,3.2486796
Australia,AUS,1976,3.0093663
Australia,AUS,1977,2.98624
Australia,AUS,1978,3.0509753
Australia,AUS,1979,3.2328436
Australia,AUS,1980,3.382514
Australia,AUS,1981,3.0083096
Australia,AUS,1982,3.236438
Australia,AUS,1983,3.4359527
Australia,AUS,1984,3.0175545
Australia,AUS,1985,3.2511263
Australia,AUS,1986,3.1280603
Australia,AUS,1987,2.8239684
Australia,AUS,1988,2.7958715
Australia,AUS,1989,3.2743363
Australia,AUS,1990,3.5869565
Australia,AUS,1991,3.4297965
Australia,AUS,1992,3.9915524
Australia,AUS,1993,4.5310855
Australia,AUS,1994,4.4
Australia,AUS,1995,3.79
Australia,AUS,1996,4.981818
Australia,AUS,1997,4.773913
Australia,AUS,1998,5.1157026
Australia,AUS,1999,5.7890625
Australia,AUS,2000,6.255639
Australia,AUS,2001,6.540146
Australia,AUS,2002,6.4632354
Australia,AUS,2003,6.014493
Australia,AUS,2004,5.8095236
Australia,AUS,2005,6.188113
Australia,AUS,2006,5.820358
Australia,AUS,2007,5.564742
Australia,AUS,2008,5.6342306
Australia,AUS,2009,5.349325
Australia,AUS,2010,5.4159193
Australia,AUS,2011,5.966764
Australia,AUS,2012,5.5173054
Australia,AUS,2013,5.440212
Australia,AUS,2014,5.2609353
Australia,AUS,2015,5.160005
Australia,AUS,2016,4.6222196
Australia,AUS,2017,4.2244825
Australia,AUS,2018,4.4218254
Australia,AUS,2019,4.5350833
Australia,AUS,2020,4.2961164
Australia,AUS,2021,3.8349056
Australia,AUS,2022,3.739726
Australia,AUS,2023,3.6818182
Austria,AUT,1970,0.03833898
Austria,AUT,1971,0.043350168
Austria,AUT,1972,0.03411315
Austria,AUT,1973,0.0392052
Austria,AUT,1974,0.03678873
Austria,AUT,1975,0.028531156
Austria,AUT,1976,0.015674932
Azerbaijan,AZE,2009,0
Azerbaijan,AZE,2010,0.0011366459
Azerbaijan,AZE,2011,0.003795031
Azerbaijan,AZE,2012,0.003005988
Azerbaijan,AZE,2013,0.001777174
Azerbaijan,AZE,2014,0.0042150537
Azerbaijan,AZE,2015,0.0050207255
Azerbaijan,AZE,2016,0.009468293
Azerbaijan,AZE,2017,0.009905472
Azerbaijan,AZE,2018,0.007985437
Azerbaijan,AZE,2019,0.010833333
Azerbaijan,AZE,2020,0.01257767
Azerbaijan,AZE,2021,0.012495283
Azerbaijan,AZE,2022,0.011488585
Bolivia,BOL,1970,0.14745763
Bolivia,BOL,1971,0.13146465
Bolivia,BOL,1972,0.12844037
Bolivia,BOL,1973,0.11518786
Bolivia,BOL,1974,0.10469014
Bolivia,BOL,1975,0.08727003
Bolivia,BOL,1976,0.06446281
Bolivia,BOL,1977,0.049460918
Bolivia,BOL,1978,0.044876374
Bolivia,BOL,1979,0.02444898
Bolivia,BOL,1980,0.026138889
Bolivia,BOL,1981,0.034291286
Bolivia,BOL,1982,0.029947229
Bolivia,BOL,1983,0.026044678
Bolivia,BOL,1984,0.020614596
Bolivia,BOL,1985,0.020838547
Bolivia,BOL,1986,0.004256927
Bolivia,BOL,1992,0.0010665258
Bolivia,BOL,1993,0.0009905164
Bolivia,BOL,1994,0.000831579
Bolivia,BOL,1995,0.00127
Bolivia,BOL,1996,0.00083636364
Bolivia,BOL,1997,0.0015826087
Bolivia,BOL,1998,0.0003966942
Bolivia,BOL,1999,0.19511719
Bolivia,BOL,2000,0.00082706765
Bolivia,BOL,2001,0.00013138686
Bolivia,BOL,2002,0.00088235294
Bolivia,BOL,2003,0.0024927536
Bolivia,BOL,2004,0.0039183674
Bolivia,BOL,2005,0.00023333334
Bolivia,BOL,2006,0.0014437087
Bolivia,BOL,2007,0.0039096773
Bolivia,BOL,2008,0.0036346153
Bolivia,BOL,2009,0.003875
Bolivia,BOL,2010,0.013043478
Bolivia,BOL,2011,0.025937889
Bolivia,BOL,2012,0.052095808
Bolivia,BOL,2013,0.041027173
Bolivia,BOL,2014,0.057774194
Bolivia,BOL,2015,0.04911399
Bolivia,BOL,2016,0.04252683
Bolivia,BOL,2017,0.035915423
Bolivia,BOL,2018,0.025320388
Bolivia,BOL,2019,0.02195098
Bolivia,BOL,2020,0.01369903
Bolivia,BOL,2021,0.015613208
Bolivia,BOL,2022,0.016474886
Botswana,BWA,1973,0.00867052
Botswana,BWA,1974,0.038802817
Botswana,BWA,1975,0.09649852
Botswana,BWA,1976,0.17180441
Botswana,BWA,1977,0.15886793
Botswana,BWA,1978,0.20075549
Botswana,BWA,1979,0.19813606
Botswana,BWA,1980,0.21602778
Botswana,BWA,1981,0.2316645
Botswana,BWA,1982,0.24241425
Botswana,BWA,1983,0.2663075
Botswana,BWA,1984,0.27550575
Botswana,BWA,1985,0.27148935
Botswana,BWA,1986,0.26872796
Botswana,BWA,1987,0.22978155
Botswana,BWA,1988,0.28013763
Botswana,BWA,1989,0.25888273
Botswana,BWA,1990,0.22404347
Botswana,BWA,1991,0.2205359
Botswana,BWA,1992,0.21555439
Botswana,BWA,1993,0.2121391
Botswana,BWA,1994,0.23978947
Botswana,BWA,1995,0.20461
Botswana,BWA,1996,0.21180908
Botswana,BWA,1997,0.17234783
Botswana,BWA,1998,0.18284297
Botswana,BWA,1999,0.16375
Botswana,BWA,2000,0.14076692
Botswana,BWA,2001,0.14021167
Botswana,BWA,2002,0.15875
Botswana,BWA,2003,0.17600724
Botswana,BWA,2004,0.14418368
Botswana,BWA,2005,0.17802666
Botswana,BWA,2006,0.16062914
Botswana,BWA,2007,0.12900645
Botswana,BWA,2008,0.1483718
Botswana,BWA,2009,0.1523875
Botswana,BWA,2010,0.29829815
Botswana,BWA,2011,0.19831677
Botswana,BWA,2012,0.21417964
Botswana,BWA,2013,0.26358697
Botswana,BWA,2014,0.20430107
Botswana,BWA,2015,0.0474715
Botswana,BWA,2016,0.060560975
Botswana,BWA,2017,0.006164179
Botswana,BWA,2018,0.0070970873
Botswana,BWA,2019,0
Botswana,BWA,2020,0
Botswana,BWA,2021,0.055386793
Botswana,BWA,2022,0.15616895
Brazil,BRA,1970,0.06644068
Brazil,BRA,1971,0.09121212
Brazil,BRA,1972,0.068119265
Brazil,BRA,1973,0.04930636
Brazil,BRA,1974,0.04330986
Brazil,BRA,1975,0.02851632
Brazil,BRA,1976,0.00074380165
Brazil,BRA,1977,0
Brazil,BRA,1978,0
Brazil,BRA,1979,0
Brazil,BRA,1980,0.0055833333
Brazil,BRA,1981,0.15314694
Brazil,BRA,1982,0.32298154
Brazil,BRA,1983,0.42151117
Brazil,BRA,1984,0.45085788
Brazil,BRA,1985,0.51312894
Brazil,BRA,1986,0.50608313
Brazil,BRA,1987,0.489466
Brazil,BRA,1988,0.5142775
Brazil,BRA,1989,0.5247677
Brazil,BRA,1990,0.37435868
Brazil,BRA,1991,0.40672025
Brazil,BRA,1992,0.42074972
Brazil,BRA,1993,0.45909378
Brazil,BRA,1994,0.41762105
Brazil,BRA,1995,0.48933
Brazil,BRA,1996,0.4200273
Brazil,BRA,1997,0.34740868
Brazil,BRA,1998,0.28467768
Brazil,BRA,1999,0.24508594
Brazil,BRA,2000,0.23899248
Brazil,BRA,2001,0.23893431
Brazil,BRA,2002,0.24052206
Brazil,BRA,2003,0.19039854
Brazil,BRA,2004,0.7017211
Brazil,BRA,2005,0.88883334
Brazil,BRA,2006,0.97904634
Brazil,BRA,2007,1.3272774
Brazil,BRA,2008,1.3993269
Brazil,BRA,2009,1.323075
Brazil,BRA,2010,1.3263851
Brazil,BRA,2011,1.3277018
Brazil,BRA,2012,1.3361737
Brazil,BRA,2013,1.4727119
Brazil,BRA,2014,1.6193388
Brazil,BRA,2015,1.8625026
Brazil,BRA,2016,1.6468292
Brazil,BRA,2017,1.9131442
Brazil,BRA,2018,1.8726262
Brazil,BRA,2019,1.7807255
Brazil,BRA,2020,1.7148447
Brazil,BRA,2021,3.1683207
Brazil,BRA,2022,1.3591461
Bulgaria,BGR,1970,0.7118644
Bulgaria,BGR,1971,0.74747473
Bulgaria,BGR,1972,0.70795107
Bulgaria,BGR,1973,0.6936416
Bulgaria,BGR,1974,0.72676057
Bulgaria,BGR,1975,0.81602377
Bulgaria,BGR,1976,0.78512394
Bulgaria,BGR,1977,0.7681941
Bulgaria,BGR,1978,0.78296703
Bulgaria,BGR,1979,0.81632656
Bulgaria,BGR,1980,0.8611111
Bulgaria,BGR,1981,0.80624187
Bulgaria,BGR,1982,0.8575198
Bulgaria,BGR,1983,0.8935611
Bulgaria,BGR,1984,0.9346991
Bulgaria,BGR,1985,0.7259074
Bulgaria,BGR,1986,0.88161206
Bulgaria,BGR,1987,0.6553398
Bulgaria,BGR,1988,0.5733945
Bulgaria,BGR,1989,0.42920354
Bulgaria,BGR,1990,0.3576087
Bulgaria,BGR,1991,0.50589496
Bulgaria,BGR,1992,0.500528
Bulgaria,BGR,1993,0.6364594
Bulgaria,BGR,1994,0.79473686
Bulgaria,BGR,1995,0.774
Bulgaria,BGR,1996,0.7709091
Bulgaria,BGR,1997,0.65652174
Bulgaria,BGR,1998,0.6818182
Bulgaria,BGR,1999,0.68359375
Bulgaria,BGR,2000,0.7007519
Bulgaria,BGR,2001,0.7087591
Bulgaria,BGR,2002,0.62058824
Bulgaria,BGR,2003,0.6637681
Bulgaria,BGR,2004,0.5414966
Bulgaria,BGR,2005,0.75024
Bulgaria,BGR,2006,0.818351
Bulgaria,BGR,2007,0.7494
Bulgaria,BGR,2008,0.68714744
Bulgaria,BGR,2009,0.691575
Bulgaria,BGR,2010,0.70126706
Bulgaria,BGR,2011,0.7118199
Bulgaria,BGR,2012,0.7081138
Bulgaria,BGR,2013,0.6258098
Bulgaria,BGR,2014,0.5823817
Bulgaria,BGR,2015,0.3717513
Bulgaria,BGR,2016,0.34425855
Bulgaria,BGR,2017,0.363199
Bulgaria,BGR,2018,0.339034
Bulgaria,BGR,2019,0.34768137
Bulgaria,BGR,2020,0.34066018
Bulgaria,BGR,2021,0.31279245
Bulgaria,BGR,2022,0.30593607
Canada,CAN,1970,10.343746
Canada,CAN,1971,11.018013
Canada,CAN,1972,11.004159
Canada,CAN,1973,11.906676
Canada,CAN,1974,11.568747
Canada,CAN,1975,10.887626
Canada,CAN,1976,10.067906
Canada,CAN,1977,10.234812
Canada,CAN,1978,9.057418
Canada,CAN,1979,8.658272
Canada,CAN,1980,9.949486
Canada,CAN,1981,8.989961
Canada,CAN,1982,8.079882
Canada,CAN,1983,8.581341
Canada,CAN,1984,9.242331
Canada,CAN,1985,9.244518
Canada,CAN,1986,8.797569
Canada,CAN,1987,9.735207
Canada,CAN,1988,8.90461
Canada,CAN,1989,7.998363
Canada,CAN,1990,8.627554
Canada,CAN,1991,8.693827
Canada,CAN,1992,8.115966
Canada,CAN,1993,7.71961
Canada,CAN,1994,6.4923787
Canada,CAN,1995,7.26293
Canada,CAN,1996,6.258418
Canada,CAN,1997,5.7347827
Canada,CAN,1998,5.832777
Canada,CAN,1999,4.844414
Canada,CAN,2000,4.765827
Canada,CAN,2001,4.624314
Canada,CAN,2002,4.437485
Canada,CAN,2003,4.036826
Canada,CAN,2004,3.8285375
Canada,CAN,2005,3.96922
Canada,CAN,2006,3.995331
Canada,CAN,2007,3.8467677
Canada,CAN,2008,3.8971603
Canada,CAN,2009,3.0287812
Canada,CAN,2010,3.2433043
Canada,CAN,2011,3.5203664
Canada,CAN,2012,3.4735448
Canada,CAN,2013,3.546712
Canada,CAN,2014,3.6168225
Canada,CAN,2015,3.7028341
Canada,CAN,2016,3.3807757
Canada,CAN,2017,2.9711144
Canada,CAN,2018,2.6602476
Canada,CAN,2019,2.7489264
Canada,CAN,2020,2.8398058
Canada,CAN,2021,2.5943396
Canada,CAN,2022,2.3744292
Canada,CAN,2023,2.1818182
Chile,CHL,1970,11.620339
Chile,CHL,1971,11.924242
Chile,CHL,1972,10.961774
Chile,CHL,1973,10.627168
Chile,CHL,1974,12.671831
Chile,CHL,1975,12.289317
Chile,CHL,1976,13.84573
Chile,CHL,1977,14.234501
Chile,CHL,1978,14.206044
Chile,CHL,1979,14.458504
Chile,CHL,1980,14.831944
Chile,CHL,1981,14.058517
Chile,CHL,1982,16.387863
Chile,CHL,1983,16.524311
Chile,CHL,1984,16.526249
Chile,CHL,1985,16.976221
Chile,CHL,1986,17.646095
Chile,CHL,1987,17.209951
Chile,CHL,1988,16.639908
Chile,CHL,1989,17.80199
Chile,CHL,1990,17.265217
Chile,CHL,1991,19.445873
Chile,CHL,1992,20.408659
Chile,CHL,1993,21.658588
Chile,CHL,1994,23.367369
Chile,CHL,1995,24.886
Chile,CHL,1996,28.325455
Chile,CHL,1997,29.495651
Chile,CHL,1998,30.470247
Chile,CHL,1999,34.30625
Chile,CHL,2000,34.601505
Chile,CHL,2001,34.59124
Chile,CHL,2002,33.68088
Chile,CHL,2003,35.53768
Chile,CHL,2004,36.81973
Chile,CHL,2005,35.47
Chile,CHL,2006,35.501987
Chile,CHL,2007,35.851612
Chile,CHL,2008,34.151283
Chile,CHL,2009,33.715
Chile,CHL,2010,33.657764
Chile,CHL,2011,32.688198
Chile,CHL,2012,32.538322
Chile,CHL,2013,31.391304
Chile,CHL,2014,30.973656
Chile,CHL,2015,29.907253
Chile,CHL,2016,27.085854
Chile,CHL,2017,27.380596
Chile,CHL,2018,28.308739
Chile,CHL,2019,28.369608
Chile,CHL,2020,27.815535
Chile,CHL,2021,26.509434
Chile,CHL,2022,24.3379
Chile,CHL,2023,22.727272
China,CHN,1972,1.7584097
China,CHN,1973,1.734104
China,CHN,1974,1.8309859
China,CHN,1975,2.0771513
China,CHN,1976,2.0661156
China,CHN,1977,2.0889487
China,CHN,1978,2.1978023
China,CHN,1979,2.1768708
China,CHN,1980,2.2916667
China,CHN,1981,2.210663
China,CHN,1982,2.3087072
China,CHN,1983,2.2996058
China,CHN,1984,3.0729833
China,CHN,1985,3.379224
China,CHN,1986,3.7783375
China,CHN,1987,4.247573
China,CHN,1988,4.2431192
China,CHN,1989,6.0176992
China,CHN,1990,6.054348
China,CHN,1991,3.2583065
China,CHN,1992,3.530095
China,CHN,1993,3.6427293
China,CHN,1994,4.1645265
China,CHN,1995,4.419
China,CHN,1996,3.9672728
China,CHN,1997,4.308696
China,CHN,1998,4.0231404
China,CHN,1999,4.063281
China,CHN,2000,4.455639
China,CHN,2001,4.2846713
China,CHN,2002,4.2507353
China,CHN,2003,4.4521737
China,CHN,2004,5.1306124
China,CHN,2005,5.173333
China,CHN,2006,5.8874173
China,CHN,2007,6.104516
China,CHN,2008,7.004487
China,CHN,2009,6.6375
China,CHN,2010,7.178882
China,CHN,2011,8.041615
China,CHN,2012,9.441916
China,CHN,2013,9.321467
China,CHN,2014,9.552656
China,CHN,2015,8.870803
China,CHN,2016,9.26921
China,CHN,2017,8.4895525
China,CHN,2018,7.840942
China,CHN,2019,8.253431
China,CHN,2020,8.349515
China,CHN,2021,9.009434
China,CHN,2022,8.858447
China,CHN,2023,7.7272725
Colombia,COL,1974,0
Colombia,COL,1975,0
Colombia,COL,1976,0.0035812673
Colombia,COL,1977,0.0010512129
Colombia,COL,1978,0.0013736264
Colombia,COL,1979,0.0045714285
Colombia,COL,1980,0.006138889
Colombia,COL,1981,0.004096229
Colombia,COL,1982,0.0014907651
Colombia,COL,1983,0.002128778
Colombia,COL,1984,0.0029961588
Colombia,COL,1985,0
Colombia,COL,1986,0
Colombia,COL,1994,0.027168421
Colombia,COL,1995,0.02747
Colombia,COL,1996,0.0202
Colombia,COL,1997,0.015652174
Colombia,COL,1998,0.014876033
Colombia,COL,1999,0.01640625
Colombia,COL,2000,0.015172932
Colombia,COL,2001,0.01459854
Colombia,COL,2002,0.0125
Colombia,COL,2003,0.010869565
Colombia,COL,2004,0.010884354
Colombia,COL,2005,0.012
Colombia,COL,2006,0.00397351
Colombia,COL,2007,0.005419355
Colombia,COL,2008,0.0067307693
Colombia,COL,2009,0.007125
Colombia,COL,2010,0.004416149
Colombia,COL,2011,0.0050186333
Colombia,COL,2012,0.0046766466
Colombia,COL,2013,0.0035815218
Colombia,COL,2014,0.022139786
Colombia,COL,2015,0.0283057
Colombia,COL,2016,0.04142927
Colombia,COL,2017,0.046542287
Colombia,COL,2018,0.04814563
Colombia,COL,2019,0.037455883
Colombia,COL,2020,0.045417476
Colombia,COL,2021,0.03865566
Colombia,COL,2022,0.03561644
Congo,COG,1970,0.0045593223
Congo,COG,1971,0.034848485
Congo,COG,1972,0.0838685
Congo,COG,1973,0.053598266
Congo,COG,1974,0.029577464
Congo,COG,1975,0.013620178
Congo,COG,1976,0.0056198346
Congo,COG,1977,0.0136792455
Congo,COG,1978,0.008173077
Congo,COG,1979,0.013605442
Congo,COG,1980,0.018055556
Congo,COG,1981,0.0031859558
Congo,COG,1982,0.0013192613
Congo,COG,1983,0.0013140604
Congo,COG,1984,0
Congo,COG,1985,0.0012515645
Congo,COG,1986,0.008816121
Congo,COG,1987,0.0038834952
Congo,COG,1988,0.0059633027
Cuba,CUB,1970,0.006779661
Cuba,CUB,1971,0
Cuba,CUB,1972,0.02793578
Cuba,CUB,1973,0.030447977
Cuba,CUB,1974,0.040859155
Cuba,CUB,1975,0.04120178
Cuba,CUB,1976,0.039917354
Cuba,CUB,1977,0.03481132
Cuba,CUB,1978,0.03875
Cuba,CUB,1979,0.038639456
Cuba,CUB,1980,0.046527777
Cuba,CUB,1981,0.037815344
Cuba,CUB,1982,0.035277046
Cuba,CUB,1983,0.035321943
Cuba,CUB,1984,0.034583867
Cuba,CUB,1985,0.038498122
Cuba,CUB,1986,0.04102015
Cuba,CUB,1987,0.04200243
Cuba,CUB,1988,0.033841744
Cuba,CUB,1989,0.030519912
Cuba,CUB,1990,0.02173913
Cuba,CUB,1991,0.021436227
Cuba,CUB,1992,0.015839493
Cuba,CUB,1993,0.021074815
Cuba,CUB,1994,0.021052632
Cuba,CUB,1995,0.01858
Cuba,CUB,1996,0.021472728
Cuba,CUB,1997,0.0192
Cuba,CUB,1998,0.011165289
Cuba,CUB,1999,0.008515625
Cuba,CUB,2000,0.010120301
Cuba,CUB,2001,0.00729927
Cyprus,CYP,1972,0.25637615
Cyprus,CYP,1973,0.20544797
Cyprus,CYP,1974,0.18067606
Cyprus,CYP,1975,0.14637983
Cyprus,CYP,1976,0.108815424
Cyprus,CYP,1977,0.091644205
Cyprus,CYP,1978,0.06425824
Cyprus,CYP,1979,0.01632653
Cyprus,CYP,1980,0
Cyprus,CYP,1981,0.0033680105
Cyprus,CYP,1982,0.011094986
Cyprus,CYP,1983,0.015085414
Cyprus,CYP,1984,0.016222792
Cyprus,CYP,1985,0.013329161
Cyprus,CYP,1986,0.0070403023
Cyprus,CYP,1987,0.0011771845
Cyprus,CYP,1988,0.004392202
Cyprus,CYP,1989,0.0053650443
Cyprus,CYP,1990,0.005130435
Cyprus,CYP,1991,0.0024222936
Cyprus,CYP,1994,0
Cyprus,CYP,1995,0
Cyprus,CYP,1996,0.015454546
Cyprus,CYP,1997,0.033913042
Cyprus,CYP,1998,0.040561985
Cyprus,CYP,1999,0.039109375
Cyprus,CYP,2000,0.039097745
Cyprus,CYP,2001,0.03357664
Cyprus,CYP,2002,0.027205883
Cyprus,CYP,2003,0.018115941
Cyprus,CYP,2004,0
Cyprus,CYP,2005,0
Cyprus,CYP,2006,0.0059602647
Cyprus,CYP,2007,0.019432258
Cyprus,CYP,2008,0.019141026
Cyprus,CYP,2009,0.014875
Cyprus,CYP,2010,0.016118012
Cyprus,CYP,2011,0.02273292
Cyprus,CYP,2012,0.025916168
Cyprus,CYP,2013,0.019733695
Cyprus,CYP,2014,0.016602151
Cyprus,CYP,2015,0.010989637
Cyprus,CYP,2016,0.008556098
Cyprus,CYP,2017,0.006432836
Cyprus,CYP,2018,0.004407767
Cyprus,CYP,2019,0.0034460784
Cyprus,CYP,2020,0
Cyprus,CYP,2021,0
Cyprus,CYP,2022,0
Czechoslovakia,OWID_CZS,1974,0.15352112
Czechoslovakia,OWID_CZS,1975,0.15875371
Czechoslovakia,OWID_CZS,1976,0.11707989
Czechoslovakia,OWID_CZS,1977,0.10512129
Czechoslovakia,OWID_CZS,1978,0.11263736
Czechoslovakia,OWID_CZS,1979,0.12244898
Czechoslovakia,OWID_CZS,1980,0.15972222
Czechoslovakia,OWID_CZS,1981,0.11963589
Czechoslovakia,OWID_CZS,1982,0.122691296
Czechoslovakia,OWID_CZS,1983,0.12877792
Czechoslovakia,OWID_CZS,1984,0.1306018
Czechoslovakia,OWID_CZS,1985,0.12640801
Czechoslovakia,OWID_CZS,1986,0.060390428
Czechoslovakia,OWID_CZS,1987,0.049381066
Czechoslovakia,OWID_CZS,1988,0.043658257
Czechoslovakia,OWID_CZS,1989,0.04102876
Czechoslovakia,OWID_CZS,1990,0.031347826
Czechoslovakia,OWID_CZS,1991,0.016613076
Czechoslovakia,OWID_CZS,1992,0.010559662
Democratic Republic of Congo,COD,1970,6.536932
Democratic Republic of Congo,COD,1971,6.8636365
Democratic Republic of Congo,COD,1972,6.7049084
Democratic Republic of Congo,COD,1973,7.059451
Democratic Republic of Congo,COD,1974,7.032831
Democratic Republic of Congo,COD,1975,6.8980417
Democratic Republic of Congo,COD,1976,6.1149864
Democratic Republic of Congo,COD,1977,6.1012936
Democratic Republic of Congo,COD,1978,6.490838
Democratic Republic of Congo,COD,1979,5.461442
Democratic Republic of Congo,COD,1980,6.419472
Democratic Republic of Congo,COD,1981,6.586229
Democratic Republic of Congo,COD,1982,6.6673484
Democratic Republic of Congo,COD,1983,6.6255846
Democratic Republic of Congo,COD,1984,6.4048657
Democratic Republic of Congo,COD,1985,6.310826
Democratic Republic of Congo,COD,1986,6.3299747
Democratic Republic of Congo,COD,1987,6.0905824
Democratic Republic of Congo,COD,1988,5.800459
Democratic Republic of Congo,COD,1989,4.89823
Democratic Republic of Congo,COD,1990,3.8304348
Democratic Republic of Congo,COD,1991,2.5305467
Democratic Republic of Congo,COD,1992,1.5237592
Democratic Republic of Congo,COD,1993,0.63224447
Democratic Republic of Congo,COD,1994,0.42781052
Democratic Republic of Congo,COD,1995,0.34958
Democratic Republic of Congo,COD,1996,0.36513636
Democratic Republic of Congo,COD,1997,0.3447913
Democratic Republic of Congo,COD,1998,0.316
Democratic Republic of Congo,COD,1999,0.2578125
Democratic Republic of Congo,COD,2000,0.24812031
Democratic Republic of Congo,COD,2001,0.2762409
Democratic Republic of Congo,COD,2002,0.20116912
Democratic Republic of Congo,COD,2003,0.118543476
Democratic Republic of Congo,COD,2004,0.12921768
Democratic Republic of Congo,COD,2005,0.65
Democratic Republic of Congo,COD,2006,0.9423841
Democratic Republic of Congo,COD,2007,0.93290323
Democratic Republic of Congo,COD,2008,1.5333333
Democratic Republic of Congo,COD,2009,1.870625
Democratic Republic of Congo,COD,2010,2.3496895
Democratic Republic of Congo,COD,2011,3.1006086
Democratic Republic of Congo,COD,2012,3.7122276
Democratic Republic of Congo,COD,2013,5.0109563
Democratic Republic of Congo,COD,2014,5.538328
Democratic Republic of Congo,COD,2015,5.3834558
Democratic Republic of Congo,COD,2016,4.993595
Democratic Republic of Congo,COD,2017,5.44596
Democratic Republic of Congo,COD,2018,5.947704
Democratic Republic of Congo,COD,2019,6.9626765
Democratic Republic of Congo,COD,2020,7.76699
Democratic Republic of Congo,COD,2021,8.207547
Democratic Republic of Congo,COD,2022,10.730594
Democratic Republic of Congo,COD,2023,11.363636
Dominican Republic,DOM,2007,0
Dominican Republic,DOM,2008,0.013519231
Dominican Republic,DOM,2009,0.08085625
Dominican Republic,DOM,2010,0.06220497
Dominican Republic,DOM,2011,0.07314907
Dominican Republic,DOM,2012,0.07028144
Dominican Republic,DOM,2013,0.056407608
Dominican Republic,DOM,2014,0.0497957
Dominican Republic,DOM,2015,0.037948187
Dominican Republic,DOM,2016,0.047439024
Dominican Republic,DOM,2017,0.047850747
Dominican Republic,DOM,2018,0.04168932
Dominican Republic,DOM,2019,0.029642157
Dominican Republic,DOM,2020,0.010645631
Dominican Republic,DOM,2021,0.022518868
Dominican Republic,DOM,2022,0.024474885
East Germany,OWID_GDR,1970,0.30508474
East Germany,OWID_GDR,1971,0.25252524
East Germany,OWID_GDR,1972,0.3058104
East Germany,OWID_GDR,1973,0.2601156
East Germany,OWID_GDR,1974,0.2535211
East Germany,OWID_GDR,1975,0.24480712
East Germany,OWID_GDR,1976,0.22038567
East Germany,OWID_GDR,1977,0.22911051
East Germany,OWID_GDR,1978,0.20604396
East Germany,OWID_GDR,1979,0.1904762
East Germany,OWID_GDR,1980,0.16388889
East Germany,OWID_GDR,1981,0.15604681
East Germany,OWID_GDR,1982,0.17150396
East Germany,OWID_GDR,1983,0.15768725
East Germany,OWID_GDR,1984,0.15364917
East Germany,OWID_GDR,1985,0.15769713
East Germany,OWID_GDR,1986,0.14483628
East Germany,OWID_GDR,1987,0.13485438
East Germany,OWID_GDR,1988,0.1034289
East Germany,OWID_GDR,1989,0.08745575
East Germany,OWID_GDR,1990,0.03873913
Ecuador,ECU,1970,0.008644068
Ecuador,ECU,1971,0.009511785
Ecuador,ECU,1972,0.0066972477
Ecuador,ECU,1973,0.0043930635
Ecuador,ECU,1974,0.0025211268
Ecuador,ECU,1975,0.0035459942
Ecuador,ECU,1976,0.003677686
Ecuador,ECU,1977,0.010309973
Ecuador,ECU,1978,0.006978022
Ecuador,ECU,1979,0.009061225
Ecuador,ECU,1980,0.012819445
Ecuador,ECU,1981,0.010728219
Ecuador,ECU,2009,0.001875
Ecuador,ECU,2010,0.004347826
Ecuador,ECU,2011,0.008695652
Ecuador,ECU,2012,0.010778443
Ecuador,ECU,2013,0.025543477
Ecuador,ECU,2014,0.016129032
Ecuador,ECU,2015,0.009326424
Ecuador,ECU,2016,0.0098
Ecuador,ECU,2017,0.002039801
Ecuador,ECU,2018,0.026699029
Ecuador,ECU,2019,0.030882353
Ecuador,ECU,2020,0.24126214
Ecuador,ECU,2021,0.42075473
Ecuador,ECU,2022,0.5479452
Eritrea,ERI,2009,0
Eritrea,ERI,2010,0
Eritrea,ERI,2011,0
Eritrea,ERI,2012,0
Eritrea,ERI,2013,0.11847826
Eritrea,ERI,2014,0.47795698
Eritrea,ERI,2015,0.31917098
Eritrea,ERI,2016,0.123414636
Eritrea,ERI,2017,0.03930348
Eritrea,ERI,2018,0.08398058
Eritrea,ERI,2019,0.07847059
Eritrea,ERI,2020,0.105461165
Eritrea,ERI,2021,0.09539623
Eritrea,ERI,2022,0.07807306
Finland,FIN,1970,0.5237288
Finland,FIN,1971,0.479798
Finland,FIN,1972,0.5321101
Finland,FIN,1973,0.552211
Finland,FIN,1974,0.51643664
Finland,FIN,1975,0.56379825
Finland,FIN,1976,0.57438016
Finland,FIN,1977,0.70233154
Finland,FIN,1978,0.7155082
Finland,FIN,1979,0.6033878
Finland,FIN,1980,0.7361111
Finland,FIN,1981,0.54475945
Finland,FIN,1982,0.5506464
Finland,FIN,1983,0.50683314
Finland,FIN,1984,0.44211268
Finland,FIN,1985,0.38066334
Finland,FIN,1986,0.3458816
Finland,FIN,1987,0.26205096
Finland,FIN,1988,0.21123853
Finland,FIN,1989,0.2777323
Finland,FIN,1990,0.19002174
Finland,FIN,1991,0.17389068
Finland,FIN,1992,0.16210137
Finland,FIN,1993,0.14390938
Finland,FIN,1994,0.1394
Finland,FIN,1995,0.09049
Finland,FIN,1996,0.08419091
Finland,FIN,1997,0.073913045
Finland,FIN,1998,0.0785124
Finland,FIN,1999,0.08203125
Finland,FIN,2000,0.08646616
Finland,FIN,2001,0.084671535
Finland,FIN,2002,0.105882354
Finland,FIN,2003,0.10797101
Finland,FIN,2004,0.105442174
Finland,FIN,2005,0.1
Finland,FIN,2006,0.08609272
Finland,FIN,2007,0.087741934
Finland,FIN,2008,0.08525641
Finland,FIN,2009,0.09125
Finland,FIN,2010,0.09130435
Finland,FIN,2011,0.08695652
Finland,FIN,2012,0.15237126
Finland,FIN,2013,0.21066847
Finland,FIN,2014,0.23005377
Finland,FIN,2015,0.21287565
Finland,FIN,2016,0.23164879
Finland,FIN,2017,0.264398
Finland,FIN,2018,0.22696602
Finland,FIN,2019,0.1597647
Finland,FIN,2020,0.17230096
Finland,FIN,2021,0.15102358
Finland,FIN,2022,0.12581278
France,FRA,1970,0.004237288
France,FRA,1971,0.004175084
France,FRA,1972,0.0072171255
France,FRA,1973,0.005982659
France,FRA,1974,0.0055211266
France,FRA,1975,0.0027151336
France,FRA,1976,0.0025895317
France,FRA,1977,0.0017250674
France,FRA,1978,0.0027472528
France,FRA,1979,0.005442177
France,FRA,1980,0.0013888889
France,FRA,1981,0.0012743823
France,FRA,1982,0.0018073879
France,FRA,1983,0.003994744
France,FRA,1984,0.0039692703
France,FRA,1985,0.003166458
France,FRA,1986,0.0037027707
France,FRA,1987,0.0035315533
France,FRA,1988,0.005837156
France,FRA,1989,0.011360619
France,FRA,1990,0.00525
France,FRA,1991,0.003987138
Georgia,GEO,1992,0.06335797
Georgia,GEO,1993,0.052687038
Georgia,GEO,1994,0.024210526
Georgia,GEO,1995,0.058
Georgia,GEO,1996,0.06272727
Georgia,GEO,1997,0.034782607
Georgia,GEO,1998,0.020661157
Georgia,GEO,1999,0.0078125
Georgia,GEO,2000,0.067669176
Georgia,GEO,2001,0.08394161
Georgia,GEO,2002,0.09558824
Georgia,GEO,2003,0.10652174
Georgia,GEO,2004,0.08163265
Georgia,GEO,2005,0.06333333
Georgia,GEO,2006,0.09668874
Georgia,GEO,2007,0.07290322
Georgia,GEO,2008,0.119871795
Georgia,GEO,2009,0.10375
Georgia,GEO,2010,0.06583851
Georgia,GEO,2011,0.062111802
Georgia,GEO,2012,0.040718563
Georgia,GEO,2013,0.054347824
Georgia,GEO,2014,0.03655914
Georgia,GEO,2015,0.06735751
Georgia,GEO,2016,0.068292685
Georgia,GEO,2017,0.07462686
Georgia,GEO,2018,0.07623301
Georgia,GEO,2019,0.04679902
Georgia,GEO,2020,0.03898544
Georgia,GEO,2021,0.038429245
Georgia,GEO,2022,0.02905936
Germany,DEU,1991,0
Germany,DEU,2020,0
Germany,DEU,2021,0
Germany,DEU,2022,0
Germany,DEU,2023,0
Greece,GRC,1974,0.02112676
Greece,GRC,1975,0.03709199
Greece,GRC,1976,0.035812672
Greece,GRC,1977,0.047169812
Greece,GRC,1978,0.020604396
Greece,GRC,1979,0
Greece,GRC,1980,0.0013888889
Greece,GRC,1981,0.0013003901
Greece,GRC,1982,0.0013192613
Greece,GRC,1983,0.0026281208
Greece,GRC,1984,0.0038412292
Greece,GRC,1985,0.0037546933
Greece,GRC,1986,0.0037783375
Greece,GRC,1987,0.012135922
Guatemala,GTM,1972,0
Guatemala,GTM,1973,0
Guatemala,GTM,1974,0.02253521
Guatemala,GTM,1975,0.048961423
Guatemala,GTM,1976,0.048209365
Guatemala,GTM,1977,0.03369272
Guatemala,GTM,1978,0.027788462
Guatemala,GTM,1979,0.024367347
Guatemala,GTM,1980,0.011291667
Guatemala,GTM,1981,0.009440832
Haiti,HTI,1970,0.08216949
Haiti,HTI,1971,0.10942761
Honduras,HND,1975,0.002967359
Honduras,HND,1976,0.005013774
Honduras,HND,1977,0.0072102426
Honduras,HND,1978,0.005865385
Honduras,HND,1979,0.0039183674
Honduras,HND,1980,0.003736111
Honduras,HND,1981,0.005903771
Honduras,HND,1982,0.01
Honduras,HND,1983,0.008541393
Honduras,HND,1984,0.034827143
Honduras,HND,1985,0.04166458
Honduras,HND,1986,0.0053400504
Honduras,HND,1987,0.0037135922
Honduras,HND,1988,0.0061697247
Honduras,HND,1989,0.002699115
Honduras,HND,1990,0.015086956
Honduras,HND,1991,0.010718114
Honduras,HND,1992,0.01689546
Honduras,HND,1993,0.010537407
Honduras,HND,1994,0.005263158
Hungary,HUN,1975,0.005934718
Hungary,HUN,1976,0.0036088154
Hungary,HUN,1977,0.004097035
Hungary,HUN,1978,0.0027884615
Hungary,HUN,1979,0.0015782313
India,IND,1970,0.16440678
India,IND,1971,0.18680134
India,IND,1972,0.23958716
India,IND,1973,0.22810693
India,IND,1974,0.28812677
India,IND,1975,0.37321958
India,IND,1976,0.34986225
India,IND,1977,0.39098382
India,IND,1978,0.36593407
India,IND,1979,0.37710205
India,IND,1980,0.3724861
India,IND,1981,0.32769832
India,IND,1982,0.3166227
India,IND,1983,0.5755585
India,IND,1984,0.6017926
India,IND,1985,0.6007509
India,IND,1986,0.6191436
India,IND,1987,0.65637136
India,IND,1988,0.590172
India,IND,1989,0.5900664
India,IND,1990,0.5605
India,IND,1991,0.54051447
India,IND,1992,0.5178036
India,IND,1993,0.52071655
India,IND,1994,0.48362106
India,IND,1995,0.466
India,IND,1996,0.43454546
India,IND,1997,0.32347825
India,IND,1998,0.3966942
India,IND,1999,0.2771797
India,IND,2000,0.2820376
India,IND,2001,0.27866423
India,IND,2002,0.24102941
India,IND,2003,0.21397826
India,IND,2004,0.20457143
India,IND,2005,0.19093333
India,IND,2006,0.19901325
India,IND,2007,0.21113548
India,IND,2008,0.1956923
India,IND,2009,0.17806876
India,IND,2010,0.19737889
India,IND,2011,0.19487578
India,IND,2012,0.17533533
India,IND,2013,0.1749674
India,IND,2014,0.13381183
India,IND,2015,0.1683575
India,IND,2016,0.1487805
India,IND,2017,0.15820895
India,IND,2018,0.16553397
India,IND,2019,0.13725491
India,IND,2020,0.12529126
India,IND,2021,0.12812735
India,IND,2022,0.11874429
Indonesia,IDN,1970,0
Indonesia,IDN,1971,0
Indonesia,IDN,1972,0.0764526
Indonesia,IDN,1973,0.5476879
Indonesia,IDN,1974,0.9098592
Indonesia,IDN,1975,0.9421365
Indonesia,IDN,1976,0.95179063
Indonesia,IDN,1977,0.7695418
Indonesia,IDN,1978,0.7967033
Indonesia,IDN,1979,0.8190204
Indonesia,IDN,1980,0.81930554
Indonesia,IDN,1981,0.813394
Indonesia,IDN,1982,0.9912401
Indonesia,IDN,1983,1.0329566
Indonesia,IDN,1984,1.096274
Indonesia,IDN,1985,1.1107634
Indonesia,IDN,1986,1.2656171
Indonesia,IDN,1987,1.2784709
Indonesia,IDN,1988,1.4472477
Indonesia,IDN,1989,1.49375
Indonesia,IDN,1990,1.7648479
Indonesia,IDN,1991,2.8660343
Indonesia,IDN,1992,3.8994825
Indonesia,IDN,1993,3.9831402
Indonesia,IDN,1994,4.568421
Indonesia,IDN,1995,6.18
Indonesia,IDN,1996,4.780909
Indonesia,IDN,1997,4.767826
Indonesia,IDN,1998,6.6867766
Indonesia,IDN,1999,5.985156
Indonesia,IDN,2000,7.6090226
Indonesia,IDN,2001,7.6547446
Indonesia,IDN,2002,8.615632
Indonesia,IDN,2003,7.288674
Indonesia,IDN,2004,5.716449
Indonesia,IDN,2005,7.0923266
Indonesia,IDN,2006,5.4158673
Indonesia,IDN,2007,5.141284
Indonesia,IDN,2008,4.167308
Indonesia,IDN,2009,6.221875
Indonesia,IDN,2010,5.3658385
Indonesia,IDN,2011,3.3434782
Indonesia,IDN,2012,2.3838322
Indonesia,IDN,2013,2.7679348
Indonesia,IDN,2014,2.0349462
Indonesia,IDN,2015,2.9979274
Indonesia,IDN,2016,3.5512195
Indonesia,IDN,2017,3.0946767
Indonesia,IDN,2018,3.1608543
Indonesia,IDN,2019,1.7205882
Indonesia,IDN,2020,2.4514563
Indonesia,IDN,2021,3.4481132
Indonesia,IDN,2022,4.2968035
Indonesia,IDN,2023,3.8181818
Iran,IRN,1974,0.056338027
Iran,IRN,1975,0.059347183
Iran,IRN,1976,0.08264463
Iran,IRN,1977,0.08086254
Iran,IRN,1978,0.082417585
Iran,IRN,1979,0.040816326
Iran,IRN,1980,0.013888889
Iran,IRN,1981,0.026007803
Iran,IRN,1982,0.5672823
Iran,IRN,1983,0.7568988
Iran,IRN,1984,0.55441743
Iran,IRN,1985,0.5006258
Iran,IRN,1986,0.6297229
Iran,IRN,1987,0.4854369
Iran,IRN,1988,0.58142203
Iran,IRN,1989,0.7522124
Iran,IRN,1990,0.7282609
Iran,IRN,1991,0.96355844
Iran,IRN,1992,1.1087645
Iran,IRN,1993,0.91253954
Iran,IRN,1994,1.2410526
Iran,IRN,1995,1.022
Iran,IRN,1996,0.97818184
Iran,IRN,1997,1.0321739
Iran,IRN,1998,1.0603306
Iran,IRN,1999,1.015625
Iran,IRN,2000,1.1067669
Iran,IRN,2001,1.0678833
Iran,IRN,2002,1.0345588
Iran,IRN,2003,1.0586957
Iran,IRN,2004,1.0408163
Iran,IRN,2005,0.9993333
Iran,IRN,2006,1.4317881
Iran,IRN,2007,1.5754839
Iran,IRN,2008,1.5903846
Iran,IRN,2009,1.640625
Iran,IRN,2010,1.59441
Iran,IRN,2011,1.6080745
Iran,IRN,2012,1.4700599
Iran,IRN,2013,1.211413
Iran,IRN,2014,1.1655914
Iran,IRN,2015,1.3316063
Iran,IRN,2016,1.3756098
Iran,IRN,2017,1.4707513
Iran,IRN,2018,1.5048543
Iran,IRN,2019,1.5196079
Iran,IRN,2020,1.5291262
Iran,IRN,2021,1.490566
Iran,IRN,2022,1.5716895
Ireland,IRL,1970,0.14035593
Ireland,IRL,1971,0.19865319
Ireland,IRL,1972,0.20880733
Ireland,IRL,1973,0.188526
Ireland,IRL,1974,0.17887324
Ireland,IRL,1975,0.14597923
Ireland,IRL,1976,0.056432508
Ireland,IRL,1977,0.065080866
Ireland,IRL,1978,0.06456044
Ireland,IRL,1979,0.06802721
Ireland,IRL,1980,0.055555556
Ireland,IRL,1981,0.044213265
Ireland,IRL,1982,0.02075198
Israel,ISR,1970,0.18623729
Israel,ISR,1971,0.18013468
Israel,ISR,1972,0.17087156
Israel,ISR,1973,0.14689307
Israel,ISR,1974,0.1336338
Israel,ISR,1975,0.11921365
Israel,ISR,1976,0.02892562
Israel,ISR,1977,0
Israel,ISR,1978,0
Israel,ISR,1979,0
Israel,ISR,1980,0.0055555557
Israel,ISR,1981,0.057217166
Israel,ISR,1982,0.05408971
Italy,ITA,1970,0.03898305
Italy,ITA,1971,0.025925925
Italy,ITA,1972,0.016039755
Italy,ITA,1973,0.012398844
Italy,ITA,1974,0.0126760565
Italy,ITA,1975,0.011869436
Italy,ITA,1976,0.013774104
Italy,ITA,1977,0.009433962
Italy,ITA,1978,0.007293956
Italy,ITA,1979,0.006653061
Italy,ITA,1980,0.008388889
Italy,ITA,1981,0.010026008
Italy,ITA,1982,0.0018205805
Italy,ITA,1983,0.020446781
Italy,ITA,1984,0.011216389
Italy,ITA,1985,0.0015894868
Italy,ITA,1986,0
Japan,JPN,1970,2.025644
Japan,JPN,1971,2.029478
Japan,JPN,1972,1.7142813
Japan,JPN,1973,1.3190751
Japan,JPN,1974,1.156831
Japan,JPN,1975,1.2557715
Japan,JPN,1976,1.1240495
Japan,JPN,1977,1.0969677
Japan,JPN,1978,0.98833793
Japan,JPN,1979,0.8157823
Japan,JPN,1980,0.7299028
Japan,JPN,1981,0.66986996
Japan,JPN,1982,0.66831136
Japan,JPN,1983,0.60505915
Japan,JPN,1984,0.55453265
Japan,JPN,1985,0.54077595
Japan,JPN,1986,0.43989924
Japan,JPN,1987,0.28904125
Japan,JPN,1988,0.19112386
Japan,JPN,1989,0.16205752
Japan,JPN,1990,0.14051087
Japan,JPN,1991,0.13304394
Japan,JPN,1992,0.12749736
Japan,JPN,1993,0.10829294
Japan,JPN,1994,0.063610524
Japan,JPN,1995,0.02376
Japan,JPN,1996,0.010409091
Japan,JPN,1997,0.008104348
Japan,JPN,1998,0.008842975
Japan,JPN,1999,0.0067734374
Japan,JPN,2000,0.009105263
Japan,JPN,2001,0.005430657
Japan,JPN,2002,0.011169118
Japan,JPN,2003,0.007246377
Japan,JPN,2004,0.006802721
Japan,JPN,2005,0.006666667
Japan,JPN,2006,0.001986755
Japan,JPN,2020,0
Japan,JPN,2021,0
Japan,JPN,2022,0
Japan,JPN,2023,0
Kazakhstan,KAZ,1992,3.062302
Kazakhstan,KAZ,1993,2.776491
Kazakhstan,KAZ,1994,2.2678316
Kazakhstan,KAZ,1995,2.326
Kazakhstan,KAZ,1996,2.2745454
Kazakhstan,KAZ,1997,2.747826
Kazakhstan,KAZ,1998,2.798347
Kazakhstan,KAZ,1999,2.9179688
Kazakhstan,KAZ,2000,3.2345865
Kazakhstan,KAZ,2001,3.4270072
Kazakhstan,KAZ,2002,3.4830883
Kazakhstan,KAZ,2003,3.5108695
Kazakhstan,KAZ,2004,3.1414967
Kazakhstan,KAZ,2005,2.678
Kazakhstan,KAZ,2006,2.955629
Kazakhstan,KAZ,2007,2.864516
Kazakhstan,KAZ,2008,2.9935896
Kazakhstan,KAZ,2009,2.538125
Kazakhstan,KAZ,2010,2.363975
Kazakhstan,KAZ,2011,2.5173912
Kazakhstan,KAZ,2012,2.5556886
Kazakhstan,KAZ,2013,2.4695652
Kazakhstan,KAZ,2014,2.5360215
Kazakhstan,KAZ,2015,2.453886
Kazakhstan,KAZ,2016,2.3160975
Kazakhstan,KAZ,2017,2.7751243
Kazakhstan,KAZ,2018,3.0849514
Kazakhstan,KAZ,2019,2.755392
Kazakhstan,KAZ,2020,2.6796117
Kazakhstan,KAZ,2021,2.4056604
Kazakhstan,KAZ,2022,2.7077625
Kazakhstan,KAZ,2023,2.7272727
Kenya,KEN,1970,0.0013389831
Kenya,KEN,1971,0.0012289563
Kenya,KEN,1972,0.0011009175
Kenya,KEN,1973,0.0010115607
Kenya,KEN,1974,0.0009859155
Kenya,KEN,1975,0.0010385757
Kyrgyzstan,KGZ,2010,0
Kyrgyzstan,KGZ,2011,0
Kyrgyzstan,KGZ,2012,0
Kyrgyzstan,KGZ,2013,0
Kyrgyzstan,KGZ,2014,0.0037634408
Kyrgyzstan,KGZ,2015,0.016062176
Kyrgyzstan,KGZ,2016,0.04
Kyrgyzstan,KGZ,2017,0.03731343
Kyrgyzstan,KGZ,2018,0.034951456
Kyrgyzstan,KGZ,2019,0.034313727
Kyrgyzstan,KGZ,2020,0.024757281
Kyrgyzstan,KGZ,2021,0.031132076
Kyrgyzstan,KGZ,2022,0.034246575
Laos,LAO,2001,0
Laos,LAO,2002,0
Laos,LAO,2003,0
Laos,LAO,2004,0.011564625
Laos,LAO,2005,0.2032
Laos,LAO,2006,0.40266886
Laos,LAO,2007,0.40349033
Laos,LAO,2008,0.57053846
Laos,LAO,2009,0.75988126
Laos,LAO,2010,0.8201677
Laos,LAO,2011,0.8618385
Laos,LAO,2012,0.8956886
Laos,LAO,2013,0.8419294
Laos,LAO,2014,0.85858065
Laos,LAO,2015,0.8689223
Laos,LAO,2016,0.86799514
Laos,LAO,2017,0.76270646
Laos,LAO,2018,0.75217474
Laos,LAO,2019,0.6908578
Laos,LAO,2020,0.4279757
Laos,LAO,2021,0.18089151
Laos,LAO,2022,0.19984475
Malaysia,MYS,1972,0
Malaysia,MYS,1973,0
Malaysia,MYS,1974,0
Malaysia,MYS,1975,0.05637982
Malaysia,MYS,1976,0.2506887
Malaysia,MYS,1977,0.32345015
Malaysia,MYS,1978,0.35714287
Malaysia,MYS,1979,0.3335238
Malaysia,MYS,1980,0.37486112
Malaysia,MYS,1981,0.37245774
Malaysia,MYS,1982,0.40773088
Malaysia,MYS,1983,0.38286465
Malaysia,MYS,1984,0.3750064
Malaysia,MYS,1985,0.38180226
Malaysia,MYS,1986,0.35643578
Malaysia,MYS,1987,0.3623908
Malaysia,MYS,1988,0.25245413
Malaysia,MYS,1989,0.26067477
Malaysia,MYS,1990,0.2644239
Malaysia,MYS,1991,0.27418005
Malaysia,MYS,1992,0.30154172
Malaysia,MYS,1993,0.265353
Malaysia,MYS,1994,0.2659684
Malaysia,MYS,1995,0.20751
Malaysia,MYS,1996,0.18380909
Malaysia,MYS,1997,0.16366087
Malaysia,MYS,1998,0.114933886
Malaysia,MYS,1999,0.0359375
Malaysia,MYS,2006,0
Malaysia,MYS,2007,0
Malaysia,MYS,2008,0
Malaysia,MYS,2009,0.0015
Mauritania,MRT,1970,0.033050846
Mauritania,MRT,1971,0.07979798
Mauritania,MRT,1972,0.23013762
Mauritania,MRT,1973,0.3074711
Mauritania,MRT,1974,0.28280282
Mauritania,MRT,1975,0.09765579
Mauritania,MRT,1976,0.13774104
Mauritania,MRT,1977,0.10296496
Mauritania,MRT,1978,0.024354396
Mauritania,MRT,2006,0.033317883
Mauritania,MRT,2007,0.18551613
Mauritania,MRT,2008,0.2120064
Mauritania,MRT,2009,0.2288
Mauritania,MRT,2010,0.22962111
Mauritania,MRT,2011,0.21913664
Mauritania,MRT,2012,0.22556886
Mauritania,MRT,2013,0.2063587
Mauritania,MRT,2014,0.17784409
Mauritania,MRT,2015,0.2331658
Mauritania,MRT,2016,0.16009755
Mauritania,MRT,2017,0.14323881
Mauritania,MRT,2018,0.13659224
Mauritania,MRT,2019,0.14519608
Mauritania,MRT,2020,0.13830583
Mauritania,MRT,2021,0.088891506
Mauritania,MRT,2022,0.060789954
Mexico,MEX,1970,1.0341017
Mexico,MEX,1971,1.0631313
Mexico,MEX,1972,1.2036697
Mexico,MEX,1973,1.1633092
Mexico,MEX,1974,1.1643662
Mexico,MEX,1975,1.1601781
Mexico,MEX,1976,1.2254821
Mexico,MEX,1977,1.2083827
Mexico,MEX,1978,1.1976099
Mexico,MEX,1979,1.4572653
Mexico,MEX,1980,2.4360971
Mexico,MEX,1981,2.996957
Mexico,MEX,1982,3.154235
Mexico,MEX,1983,2.7077792
Mexico,MEX,1984,2.4213955
Mexico,MEX,1985,2.1023405
Mexico,MEX,1986,2.1984634
Mexico,MEX,1987,2.798216
Mexico,MEX,1988,3.0775115
Mexico,MEX,1989,2.758053
Mexico,MEX,1990,3.2466848
Mexico,MEX,1991,3.0458093
Mexico,MEX,1992,2.9465892
Mexico,MEX,1993,3.2032561
Mexico,MEX,1994,3.2156527
Mexico,MEX,1995,3.33565
Mexico,MEX,1996,3.0973637
Mexico,MEX,1997,3.395965
Mexico,MEX,1998,3.1788511
Mexico,MEX,1999,2.978
Mexico,MEX,2000,2.7410977
Mexico,MEX,2001,2.708927
Mexico,MEX,2002,2.4233382
Mexico,MEX,2003,2.5771956
Mexico,MEX,2004,2.7587688
Mexico,MEX,2005,2.86028
Mexico,MEX,2006,2.2127748
Mexico,MEX,2007,2.1775935
Mexico,MEX,2008,1.5807244
Mexico,MEX,2009,1.50405
Mexico,MEX,2010,1.6778634
Mexico,MEX,2011,2.75541
Mexico,MEX,2012,2.9956586
Mexico,MEX,2013,2.6093695
Mexico,MEX,2014,2.7689517
Mexico,MEX,2015,3.080057
Mexico,MEX,2016,3.7372146
Mexico,MEX,2017,3.6927662
Mexico,MEX,2018,3.3814564
Mexico,MEX,2019,3.498549
Mexico,MEX,2020,3.5582523
Mexico,MEX,2021,3.462264
Mexico,MEX,2022,3.4429224
Mexico,MEX,2023,3.409091
Mongolia,MNG,1978,0.054945055
Mongolia,MNG,1979,0.2952381
Mongolia,MNG,1980,0.6111111
Mongolia,MNG,1981,0.9336801
Mongolia,MNG,1982,1.2532982
Mongolia,MNG,1983,1.2483574
Mongolia,MNG,1984,1.2804097
Mongolia,MNG,1985,1.2515645
Mongolia,MNG,1986,1.515592
Mongolia,MNG,1987,1.4677185
Mongolia,MNG,1988,1.3944266
Mongolia,MNG,1989,1.3651549
Mongolia,MNG,1990,1.346663
Mongolia,MNG,1991,0.96570206
Mongolia,MNG,1992,1.1098205
Mongolia,MNG,1993,1.232982
Mongolia,MNG,1994,1.2648422
Mongolia,MNG,1995,1.219
Mongolia,MNG,1996,1.1
Mongolia,MNG,1997,1.1304348
Mongolia,MNG,1998,1.0560662
Mongolia,MNG,1999,1.0016407
Mongolia,MNG,2000,0.94637597
Mongolia,MNG,2001,0.97445256
Mongolia,MNG,2002,0.96838236
Mongolia,MNG,2003,0.9442029
Mongolia,MNG,2004,0.8996599
Mongolia,MNG,2005,0.85973334
Mongolia,MNG,2006,0.8746689
Mongolia,MNG,2007,0.85525805
Mongolia,MNG,2008,0.83076924
Mongolia,MNG,2009,0.826875
Mongolia,MNG,2010,0.7925466
Mongolia,MNG,2011,0.77018636
Mongolia,MNG,2012,0.7419162
Mongolia,MNG,2013,1.0271739
Mongolia,MNG,2014,1.3602151
Mongolia,MNG,2015,1.6492229
Mongolia,MNG,2016,1.637561
Mongolia,MNG,2017,2.2943285
Mongolia,MNG,2018,2.2270875
Mongolia,MNG,2019,2.1662254
Mongolia,MNG,2020,2.1691506
Mongolia,MNG,2021,2.1896462
Mongolia,MNG,2022,1.9015069
Morocco,MAR,1970,0.05376271
Morocco,MAR,1971,0.04368687
Morocco,MAR,1972,0.05857798
Morocco,MAR,1973,0.059956647
Morocco,MAR,1974,0.06577465
Morocco,MAR,1975,0.068249255
Morocco,MAR,1976,0.060606062
Morocco,MAR,1977,0.04541779
Morocco,MAR,1978,0.059065934
Morocco,MAR,1979,0.11201361
Morocco,MAR,1980,0.09844445
Morocco,MAR,1981,0.0879974
Morocco,MAR,1982,0.2733905
Morocco,MAR,1983,0.3013929
Morocco,MAR,1984,0.2737516
Morocco,MAR,1985,0.24628286
Morocco,MAR,1986,0.23424433
Morocco,MAR,1987,0.1692233
Morocco,MAR,1988,0.15169725
Morocco,MAR,1989,0.16202433
Morocco,MAR,1990,0.15109782
Morocco,MAR,1991,0.1693462
Morocco,MAR,1992,0.15118268
Morocco,MAR,1993,0.15068494
Morocco,MAR,1994,0.14105263
Morocco,MAR,1995,0.136
Morocco,MAR,1996,0.13727273
Morocco,MAR,1997,0.13391304
Morocco,MAR,1998,0.08842975
Morocco,MAR,1999,0.05564844
Morocco,MAR,2000,0.049082708
Morocco,MAR,2001,0.03910219
Morocco,MAR,2002,0.03672059
Morocco,MAR,2003,0.034913044
Morocco,MAR,2004,0.019727891
Morocco,MAR,2005,0.021333333
Morocco,MAR,2006,0.030463576
Morocco,MAR,2007,0.03607742
Morocco,MAR,2008,0.03800641
Morocco,MAR,2009,0.0739375
Morocco,MAR,2010,0.093080744
Morocco,MAR,2011,0.07500621
Morocco,MAR,2012,0.088323355
Morocco,MAR,2013,0.06290761
Morocco,MAR,2014,0.08913441
Morocco,MAR,2015,0.13937823
Morocco,MAR,2016,0.15512195
Morocco,MAR,2017,0.1761194
Morocco,MAR,2018,0.15728155
Morocco,MAR,2019,0.1504902
Morocco,MAR,2020,0.15436894
Morocco,MAR,2021,0.1721698
Morocco,MAR,2022,0.12785389
Mozambique,MOZ,1976,0.027548209
Mozambique,MOZ,1977,0.04043127
Mozambique,MOZ,1978,0.0041208793
Mozambique,MOZ,1979,0.0027210885
Mozambique,MOZ,1980,0.002013889
Mozambique,MOZ,1981,0.0025227568
Mozambique,MOZ,1982,0.0029551452
Mozambique,MOZ,1983,0.0032851512
Mozambique,MOZ,1984,0.0033418695
Mozambique,MOZ,1985,0.0015519399
Mozambique,MOZ,1986,0.0034382872
Mozambique,MOZ,1987,0.0018325243
Mozambique,MOZ,1988,0.0015940367
Mozambique,MOZ,1989,0.0009734513
Mozambique,MOZ,1990,0.00030434784
Mozambique,MOZ,1991,0
Myanmar,MMR,1970,0.0011864407
Myanmar,MMR,1971,0.0013468013
Myanmar,MMR,1972,0.0012232416
Myanmar,MMR,1973,0.001083815
Myanmar,MMR,1974,0.0009859155
Myanmar,MMR,1975,0.0012759644
Myanmar,MMR,1976,0.0012672177
Myanmar,MMR,1977,0.0013477089
Myanmar,MMR,1978,0.0013736264
Myanmar,MMR,1979,0.0013605442
Myanmar,MMR,1980,0.00077777775
Myanmar,MMR,1981,0.0010013004
Myanmar,MMR,1982,0.0013324538
Myanmar,MMR,1983,0.055190537
Myanmar,MMR,1984,0.15364917
Myanmar,MMR,1985,0.20901126
Myanmar,MMR,1986,0.12720403
Myanmar,MMR,1987,0.12864077
Myanmar,MMR,1988,0.053899083
Myanmar,MMR,1989,0.055309735
Myanmar,MMR,1990,0.047826085
Myanmar,MMR,1991,0.06109325
Myanmar,MMR,1992,0.052798312
Myanmar,MMR,1993,0.037734456
Myanmar,MMR,1994,0.052894738
Myanmar,MMR,1995,0.05282
Myanmar,MMR,1996,0.04400909
Myanmar,MMR,1997,0.025452174
Myanmar,MMR,1998,0.0553719
Myanmar,MMR,1999,0.208875
Myanmar,MMR,2000,0.20083459
Myanmar,MMR,2001,0.18832117
Myanmar,MMR,2002,0.20220588
Myanmar,MMR,2003,0.20217392
Myanmar,MMR,2004,0.21632653
Myanmar,MMR,2005,0.23
Myanmar,MMR,2006,0.12913907
Myanmar,MMR,2007,0.09741935
Myanmar,MMR,2008,0.04423077
Myanmar,MMR,2009,0.06125
Myanmar,MMR,2010,0.062111802
Myanmar,MMR,2011,0.07453416
Myanmar,MMR,2012,0.1497006
Myanmar,MMR,2013,0.17934783
Myanmar,MMR,2014,0.22580644
Myanmar,MMR,2015,0.36787564
Myanmar,MMR,2016,0.46341464
Myanmar,MMR,2017,0.5771144
Myanmar,MMR,2018,0.8737864
Myanmar,MMR,2019,1.0735294
Myanmar,MMR,2020,0.9029126
Myanmar,MMR,2021,0.3207547
Myanmar,MMR,2022,0
Namibia,NAM,1970,0.3898305
Namibia,NAM,1971,0.43602693
Namibia,NAM,1972,0.32874617
Namibia,NAM,1973,0.40895954
Namibia,NAM,1974,0.46760562
Namibia,NAM,1975,0.51780415
Namibia,NAM,1976,0.59917355
Namibia,NAM,1977,0.66307276
Namibia,NAM,1978,0.51785713
Namibia,NAM,1979,0.570068
Namibia,NAM,1980,0.54444444
Namibia,NAM,1981,0.5760728
Namibia,NAM,1982,0.6437995
Namibia,NAM,1983,0.6846255
Namibia,NAM,1984,0.64020485
Namibia,NAM,1985,0.5397747
Namibia,NAM,1986,0.59333754
Namibia,NAM,1987,0.4610801
Namibia,NAM,1988,0.491961
Namibia,NAM,1989,0.36274338
Namibia,NAM,1990,0.3021413
Namibia,NAM,1991,0.33996785
Namibia,NAM,1992,0.3306547
Namibia,NAM,1993,0.30712327
Namibia,NAM,1994,0.27952632
Namibia,NAM,1995,0.2253
Namibia,NAM,1996,0.13549091
Namibia,NAM,1997,0.15546957
Namibia,NAM,1998,0.053719006
Namibia,NAM,1999,0
Namibia,NAM,2000,0.0381203
Namibia,NAM,2001,0.10951095
Namibia,NAM,2002,0.13264705
Namibia,NAM,2003,0.11721014
Namibia,NAM,2004,0.0760136
Namibia,NAM,2005,0.067713335
Namibia,NAM,2006,0.0414702
Namibia,NAM,2007,0.037419356
Namibia,NAM,2008,0.056410257
Namibia,NAM,2009,0
Namibia,NAM,2010,0
Namibia,NAM,2011,0.020906832
Namibia,NAM,2012,0.03176048
Namibia,NAM,2013,0.026608696
Namibia,NAM,2014,0.02822043
Namibia,NAM,2015,0.07259067
Namibia,NAM,2016,0.08123415
Namibia,NAM,2017,0.07728358
Namibia,NAM,2018,0.07367476
Namibia,NAM,2019,0.07717157
Namibia,NAM,2020,0.052684467
Namibia,NAM,2021,0.014150944
Namibia,NAM,2022,0.009296804
New Zealand,NZL,1970,0.0007966102
New Zealand,NZL,1971,0.0014309764
Nicaragua,NIC,1970,0.05133898
Nicaragua,NIC,1971,0.061649833
Nicaragua,NIC,1972,0.03345566
Nicaragua,NIC,1973,0.02232659
Nicaragua,NIC,1974,0.025
Nicaragua,NIC,1975,0.008902078
Nicaragua,NIC,1976,0.011019284
Nicaragua,NIC,1977,0.0040431265
North Korea,PRK,1970,0.22033899
North Korea,PRK,1971,0.21885522
North Korea,PRK,1972,0.19877675
North Korea,PRK,1973,0.18786128
North Korea,PRK,1974,0.1971831
North Korea,PRK,1975,0.22255193
North Korea,PRK,1976,0.20661157
North Korea,PRK,1977,0.20215634
North Korea,PRK,1978,0.20604396
North Korea,PRK,1979,0.20408164
North Korea,PRK,1980,0.16666667
North Korea,PRK,1981,0.15604681
North Korea,PRK,1982,0.15831135
North Korea,PRK,1983,0.13140604
North Korea,PRK,1984,0.12804097
North Korea,PRK,1985,0.12515645
North Korea,PRK,1986,0.12594458
North Korea,PRK,1987,0.14563107
North Korea,PRK,1988,0.13761468
North Korea,PRK,1989,0.13274336
North Korea,PRK,1990,0.13043478
North Korea,PRK,1991,0.15005359
North Korea,PRK,1992,0.12671594
North Korea,PRK,1993,0.1264489
North Korea,PRK,1994,0.12631579
North Korea,PRK,1995,0.1
North Korea,PRK,1996,0.09090909
North Korea,PRK,1997,0.08695652
North Korea,PRK,1998,0.08264463
North Korea,PRK,1999,0.078125
North Korea,PRK,2000,0.09022556
North Korea,PRK,2001,0.08759124
North Korea,PRK,2002,0.0882353
North Korea,PRK,2003,0.08695652
North Korea,PRK,2004,0.08163265
North Korea,PRK,2005,0.08
North Korea,PRK,2006,0.0794702
North Korea,PRK,2007,0.077419356
North Korea,PRK,2008,0.015384615
North Korea,PRK,2009,0.023125
North Korea,PRK,2010,0.028571429
North Korea,PRK,2011,0.07453416
North Korea,PRK,2012,0.1017964
North Korea,PRK,2013,0.036413044
North Korea,PRK,2014,0.04139785
North Korea,PRK,2015,0.044559587
North Korea,PRK,2016,0.061463416
North Korea,PRK,2017,0.0089552235
North Korea,PRK,2018,0.009708738
North Korea,PRK,2019,0.009803922
North Korea,PRK,2020,0.009708738
North Korea,PRK,2021,0.009433962
North Korea,PRK,2022,0.00913242
North Macedonia,MKD,1992,0.07602957
North Macedonia,MKD,1993,0.105374075
North Macedonia,MKD,1994,0.10526316
North Macedonia,MKD,1995,0.1
North Macedonia,MKD,1996,0.122727275
North Macedonia,MKD,1997,0.11304348
North Macedonia,MKD,1998,0.075206615
North Macedonia,MKD,1999,0.0796875
North Macedonia,MKD,2000,0.06681203
North Macedonia,MKD,2001,0.038343064
North Macedonia,MKD,2002,0.034845587
North Macedonia,MKD,2003,0.004478261
North Macedonia,MKD,2004,0
North Macedonia,MKD,2005,0.031993333
North Macedonia,MKD,2006,0.046715233
North Macedonia,MKD,2007,0.045348387
North Macedonia,MKD,2008,0.051608976
North Macedonia,MKD,2009,0.0465
North Macedonia,MKD,2010,0.049142856
North Macedonia,MKD,2011,0.046925467
North Macedonia,MKD,2012,0.06347305
North Macedonia,MKD,2013,0.06358696
North Macedonia,MKD,2014,0.051612902
North Macedonia,MKD,2015,0.059067357
North Macedonia,MKD,2016,0.0497561
North Macedonia,MKD,2017,0.04477612
North Macedonia,MKD,2018,0.03883495
North Macedonia,MKD,2019,0.034803923
North Macedonia,MKD,2020,0.029038835
North Macedonia,MKD,2021,0.029306604
North Macedonia,MKD,2022,0.03238813
Norway,NOR,1970,0.33808476
Norway,NOR,1971,0.3648485
Norway,NOR,1972,0.39766055
Norway,NOR,1973,0.43276012
Norway,NOR,1974,0.3397183
Norway,NOR,1975,0.3953561
Norway,NOR,1976,0.4280992
Norway,NOR,1977,0.39154986
Norway,NOR,1978,0.3993544
Norway,NOR,1979,0.38991836
Norway,NOR,1980,0.4012639
Norway,NOR,1981,0.3657087
Norway,NOR,1982,0.36398417
Norway,NOR,1983,0.29655716
Norway,NOR,1984,0.3206402
Norway,NOR,1985,0.2409512
Norway,NOR,1986,0.37244332
Norway,NOR,1987,0.28197816
Norway,NOR,1988,0.21393348
Norway,NOR,1989,0.22269912
Norway,NOR,1990,0.25044566
Norway,NOR,1991,0.21330118
Norway,NOR,1992,0.13446674
Norway,NOR,1993,0.09212856
Norway,NOR,1994,0.077978946
Norway,NOR,1995,0.06799
Norway,NOR,1996,0.067218184
Norway,NOR,1997,0.058008697
Norway,NOR,1998,0.022305785
Oman,OMN,1979,0
Oman,OMN,1980,0
Oman,OMN,1981,0
Oman,OMN,1982,0
Oman,OMN,1983,0.14848883
Oman,OMN,1984,0.20742637
Oman,OMN,1985,0.22027534
Oman,OMN,1986,0.21032746
Oman,OMN,1987,0.2050971
Oman,OMN,1988,0.20756881
Oman,OMN,1989,0.18362832
Oman,OMN,1990,0.14891304
Oman,OMN,1991,0.14469454
Oman,OMN,1992,0.14149947
Oman,OMN,1993,0.09272919
Oman,OMN,1994,0.045263156
Oman,OMN,2003,0
Oman,OMN,2004,0
Oman,OMN,2005,0
Oman,OMN,2006,0
Oman,OMN,2007,0.047709677
Oman,OMN,2008,0.09503846
Oman,OMN,2009,0.09726875
Oman,OMN,2010,0.10267081
Oman,OMN,2011,0.13146584
Oman,OMN,2012,0.11786827
Oman,OMN,2013,0.059271738
Oman,OMN,2014,0.07365054
Oman,OMN,2015,0.040559586
Oman,OMN,2016,0
Pakistan,PAK,1995,0.044
Pakistan,PAK,1996,0.027272727
Pakistan,PAK,2000,0
Pakistan,PAK,2001,0
Pakistan,PAK,2002,0
Pakistan,PAK,2003,0.039130434
Pakistan,PAK,2004,0.1
Pakistan,PAK,2005,0.118
Pakistan,PAK,2006,0.12384106
Pakistan,PAK,2007,0.121290326
Pakistan,PAK,2008,0.119871795
Pakistan,PAK,2009,0.1225
Pakistan,PAK,2010,0.12360249
Pakistan,PAK,2011,0.124223605
Pakistan,PAK,2012,0.14311378
Pakistan,PAK,2013,0.1125
Pakistan,PAK,2014,0.09677419
Pakistan,PAK,2015,0.08290155
Pakistan,PAK,2016,0.068292685
Pakistan,PAK,2017,0.05000995
Pakistan,PAK,2018,0.060864076
Pakistan,PAK,2019,0.063965686
Pakistan,PAK,2020,0.06407767
Pakistan,PAK,2021,0.088707544
Pakistan,PAK,2022,0.07463927
Panama,PAN,2015,0
Panama,PAN,2016,0
Panama,PAN,2017,0
Panama,PAN,2018,0
Panama,PAN,2019,0.72294116
Panama,PAN,2020,0.99780583
Panama,PAN,2021,1.5613208
Panama,PAN,2022,1.6001735
Papua New Guinea,PNG,1970,0
Papua New Guinea,PNG,1971,0
Papua New Guinea,PNG,1972,1.8960245
Papua New Guinea,PNG,1973,2.6430635
Papua New Guinea,PNG,1974,2.5929577
Papua New Guinea,PNG,1975,2.559006
Papua New Guinea,PNG,1976,2.4313912
Papua New Guinea,PNG,1977,2.456752
Papua New Guinea,PNG,1978,2.728063
Papua New Guinea,PNG,1979,2.3236463
Papua New Guinea,PNG,1980,2.0390694
Papua New Guinea,PNG,1981,2.1511054
Papua New Guinea,PNG,1982,2.242797
Papua New Guinea,PNG,1983,2.4072404
Papua New Guinea,PNG,1984,2.1055954
Papua New Guinea,PNG,1985,2.1908386
Papua New Guinea,PNG,1986,2.2492821
Papua New Guinea,PNG,1987,2.6419783
Papua New Guinea,PNG,1988,2.5072591
Papua New Guinea,PNG,1989,2.2569137
Papua New Guinea,PNG,1990,1.8501196
Papua New Guinea,PNG,1991,2.1914148
Papua New Guinea,PNG,1992,2.0418057
Papua New Guinea,PNG,1993,2.1490517
Papua New Guinea,PNG,1994,2.1718843
Papua New Guinea,PNG,1995,2.12737
Papua New Guinea,PNG,1996,1.6969545
Papua New Guinea,PNG,1997,0.9696956
Papua New Guinea,PNG,1998,1.2525289
Papua New Guinea,PNG,1999,1.4681329
Papua New Guinea,PNG,2000,1.5267744
Papua New Guinea,PNG,2001,1.4873139
Papua New Guinea,PNG,2002,1.5537868
Papua New Guinea,PNG,2003,1.465942
Papua New Guinea,PNG,2004,1.1793878
Papua New Guinea,PNG,2005,1.28652
Papua New Guinea,PNG,2006,1.2871192
Papua New Guinea,PNG,2007,1.0915097
Papua New Guinea,PNG,2008,1.0233974
Papua New Guinea,PNG,2009,1.0416813
Papua New Guinea,PNG,2010,0.99267703
Papua New Guinea,PNG,2011,0.8102857
Papua New Guinea,PNG,2012,0.7504551
Papua New Guinea,PNG,2013,0.57349455
Papua New Guinea,PNG,2014,0.40806988
Papua New Guinea,PNG,2015,0.23411918
Papua New Guinea,PNG,2016,0.3903512
Papua New Guinea,PNG,2017,0.52447265
Papua New Guinea,PNG,2018,0.46741262
Papua New Guinea,PNG,2019,0.4872451
Papua New Guinea,PNG,2020,0.42227185
Papua New Guinea,PNG,2021,0.31583962
Papua New Guinea,PNG,2022,0.34611872
Peru,PER,1970,3.7326272
Peru,PER,1971,3.4906733
Peru,PER,1972,3.3505504
Peru,PER,1973,2.9289885
Peru,PER,1974,2.9801831
Peru,PER,1975,2.4601336
Peru,PER,1976,3.0340083
Peru,PER,1977,4.5567384
Peru,PER,1978,5.037816
Peru,PER,1979,5.3159184
Peru,PER,1980,5.0944443
Peru,PER,1981,4.26026
Peru,PER,1982,4.7005277
Peru,PER,1983,4.233903
Peru,PER,1984,4.670064
Peru,PER,1985,4.818523
Peru,PER,1986,4.8622165
Peru,PER,1987,4.932403
Peru,PER,1988,3.6284404
Peru,PER,1989,4.073009
Peru,PER,1990,3.5152173
Peru,PER,1991,4.097288
Peru,PER,1992,4.0034637
Peru,PER,1993,4.017387
Peru,PER,1994,3.8475053
Peru,PER,1995,4.09693
Peru,PER,1996,4.4145
Peru,PER,1997,4.4043303
Peru,PER,1998,3.994529
Peru,PER,1999,4.1905236
Peru,PER,2000,4.164842
Peru,PER,2001,5.2703285
Peru,PER,2002,6.1969337
Peru,PER,2003,6.1056376
Peru,PER,2004,7.044721
Peru,PER,2005,6.732653
Peru,PER,2006,6.9435234
Peru,PER,2007,7.6791873
Peru,PER,2008,8.127353
Peru,PER,2009,7.9765563
Peru,PER,2010,7.7464843
Peru,PER,2011,7.6729503
Peru,PER,2012,7.777012
Peru,PER,2013,7.47631
Peru,PER,2014,7.4066772
Peru,PER,2015,8.812523
Peru,PER,2016,11.482239
Peru,PER,2017,12.167089
Peru,PER,2018,11.830267
Peru,PER,2019,12.03647
Peru,PER,2020,10.436893
Peru,PER,2021,10.849056
Peru,PER,2022,11.187215
Peru,PER,2023,11.818182
Philippines,PHL,1970,2.7168136
Philippines,PHL,1971,3.3261447
Philippines,PHL,1972,3.2675076
Philippines,PHL,1973,3.1964595
Philippines,PHL,1974,3.1758451
Philippines,PHL,1975,3.3497775
Philippines,PHL,1976,3.272562
Philippines,PHL,1977,3.6764421
Philippines,PHL,1978,3.620728
Philippines,PHL,1979,4.0585036
Philippines,PHL,1980,4.2292223
Philippines,PHL,1981,3.9314435
Philippines,PHL,1982,3.8533773
Philippines,PHL,1983,3.5663996
Philippines,PHL,1984,2.9879513
Philippines,PHL,1985,2.7808385
Philippines,PHL,1986,2.733287
Philippines,PHL,1987,2.5983374
Philippines,PHL,1988,2.4823968
Philippines,PHL,1989,2.1231194
Philippines,PHL,1990,1.9615109
Philippines,PHL,1991,1.5862808
Philippines,PHL,1992,1.3043611
Philippines,PHL,1993,1.4358062
Philippines,PHL,1994,1.1797369
Philippines,PHL,1995,1.02637
Philippines,PHL,1996,0.5663364
Philippines,PHL,1997,0.42293045
Philippines,PHL,1998,0.3750496
Philippines,PHL,1999,0.2939922
Philippines,PHL,2000,0.23984963
Philippines,PHL,2001,0.14832847
Philippines,PHL,2002,0.13503677
Philippines,PHL,2003,0.14792754
Philippines,PHL,2004,0.1087347
Philippines,PHL,2005,0.1088
Philippines,PHL,2006,0.113649
Philippines,PHL,2007,0.14749677
Philippines,PHL,2008,0.1361218
Philippines,PHL,2009,0.306625
Philippines,PHL,2010,0.36280745
Philippines,PHL,2011,0.3964907
Philippines,PHL,2012,0.39188024
Philippines,PHL,2013,0.4938098
Philippines,PHL,2014,0.4936774
Philippines,PHL,2015,0.43437824
Philippines,PHL,2016,0.4080439
Philippines,PHL,2017,0.33908457
Philippines,PHL,2018,0.33948058
Philippines,PHL,2019,0.35241178
Philippines,PHL,2020,0.2954175
Philippines,PHL,2021,0.2433302
Philippines,PHL,2022,0.2716895
Poland,POL,1970,1.4067796
Poland,POL,1971,2.0589225
Poland,POL,1972,2.0642202
Poland,POL,1973,2.1965318
Poland,POL,1974,2.6056337
Poland,POL,1975,3.412463
Poland,POL,1976,3.6225896
Poland,POL,1977,3.800539
Poland,POL,1978,4.285714
Poland,POL,1979,4.62585
Poland,POL,1980,4.763889
Poland,POL,1981,3.8309493
Poland,POL,1982,4.960422
Poland,POL,1983,5.286465
Poland,POL,1984,5.518566
Poland,POL,1985,5.4067583
Poland,POL,1986,5.4785895
Poland,POL,1987,5.315534
Poland,POL,1988,5.2637615
Poland,POL,1989,4.4358406
Poland,POL,1990,4.021739
Poland,POL,1991,4.0943193
Poland,POL,1992,3.5058079
Poland,POL,1993,4.0316124
Poland,POL,1994,3.9789474
Poland,POL,1995,3.842
Poland,POL,1996,3.8354545
Poland,POL,1997,3.6064086
Poland,POL,1998,3.6016529
Poland,POL,1999,3.61875
Poland,POL,2000,3.4142857
Poland,POL,2001,3.4598541
Poland,POL,2002,3.697059
Poland,POL,2003,3.6488695
Poland,POL,2004,3.6106668
Poland,POL,2005,3.4119933
Poland,POL,2006,3.2927153
Poland,POL,2007,2.915484
Poland,POL,2008,2.7544038
Poland,POL,2009,2.7460313
Poland,POL,2010,2.6442547
Poland,POL,2011,2.650093
Poland,POL,2012,2.5572696
Poland,POL,2013,2.3308642
Poland,POL,2014,2.2649732
Poland,POL,2015,2.2082694
Poland,POL,2016,2.0682926
Poland,POL,2017,2.084577
Poland,POL,2018,1.9480582
Poland,POL,2019,2.2009804
Poland,POL,2020,1.9077669
Poland,POL,2021,1.8443396
Poland,POL,2022,1.7945205
Poland,POL,2023,1.8181819
Portugal,PRT,1970,0.06376271
Portugal,PRT,1971,0.06661616
Portugal,PRT,1972,0.008302752
Portugal,PRT,1973,0.009407515
Portugal,PRT,1974,0.008
Portugal,PRT,1975,0.0066320477
Portugal,PRT,1976,0.0053305784
Portugal,PRT,1977,0.0432345
Portugal,PRT,1978,0.040686812
Portugal,PRT,1979,0.049687076
Portugal,PRT,1980,0.05401389
Portugal,PRT,1981,0.037048113
Portugal,PRT,1982,0.030171504
Portugal,PRT,1983,0.0049277265
Portugal,PRT,1984,0.0046862997
Portugal,PRT,1985,0.0039299126
Portugal,PRT,1986,0.0034130982
Portugal,PRT,1987,0.0024635922
Portugal,PRT,1988,0.09427752
Portugal,PRT,1989,1.0842588
Portugal,PRT,1990,1.7374022
Portugal,PRT,1991,1.7029475
Portugal,PRT,1992,1.6082366
Portugal,PRT,1993,1.5851423
Portugal,PRT,1994,1.3711053
Portugal,PRT,1995,1.29726
Portugal,PRT,1996,0.9797636
Portugal,PRT,1997,0.9267826
Portugal,PRT,1998,0.94640493
Portugal,PRT,1999,0.777125
Portugal,PRT,2000,0.5736842
Portugal,PRT,2001,0.60558397
Portugal,PRT,2002,0.5678456
Portugal,PRT,2003,0.5621812
Portugal,PRT,2004,0.6510204
Portugal,PRT,2005,0.59694
Portugal,PRT,2006,0.52092713
Portugal,PRT,2007,0.58223873
Portugal,PRT,2008,0.5706795
Portugal,PRT,2009,0.5403875
Portugal,PRT,2010,0.4622733
Portugal,PRT,2011,0.4949441
Portugal,PRT,2012,0.44337127
Portugal,PRT,2013,0.41976088
Portugal,PRT,2014,0.40555376
Portugal,PRT,2015,0.4304715
Portugal,PRT,2016,0.36318538
Portugal,PRT,2017,0.31747264
Portugal,PRT,2018,0.23817475
Portugal,PRT,2019,0.20369117
Portugal,PRT,2020,0.1564563
Portugal,PRT,2021,0.17992924
Portugal,PRT,2022,0.14656621
Romania,ROU,1972,0.4587156
Romania,ROU,1973,0.5780347
Romania,ROU,1974,0.5633803
Romania,ROU,1975,0.652819
Romania,ROU,1976,0.41322315
Romania,ROU,1977,0.3638814
Romania,ROU,1978,0.3708791
Romania,ROU,1979,0.39455783
Romania,ROU,1980,0.3888889
Romania,ROU,1981,0.39011705
Romania,ROU,1982,0.39577836
Romania,ROU,1983,0.36793694
Romania,ROU,1984,0.3841229
Romania,ROU,1985,0.37546933
Romania,ROU,1986,0.44080603
Romania,ROU,1987,0.6043689
Romania,ROU,1988,0.57568806
Romania,ROU,1989,0.5287611
Romania,ROU,1990,0.3478261
Romania,ROU,1991,0.2915327
Romania,ROU,1992,0.26082367
Romania,ROU,1993,0.26606956
Romania,ROU,1994,0.2740421
Romania,ROU,1995,0.2452
Romania,ROU,1996,0.22212727
Romania,ROU,1997,0.19685218
Romania,ROU,1998,0.15756199
Romania,ROU,1999,0.12855469
Romania,ROU,2000,0.12104511
Romania,ROU,2001,0.1400365
Romania,ROU,2002,0.14208089
Romania,ROU,2003,0.16948551
Romania,ROU,2004,0.13863945
Romania,ROU,2005,0.10857333
Romania,ROU,2006,0.083013244
Romania,ROU,2007,0.014277419
Romania,ROU,2008,0.001974359
Romania,ROU,2009,0.01955625
Romania,ROU,2010,0.03184472
Romania,ROU,2011,0.03947205
Romania,ROU,2012,0.03534132
Romania,ROU,2013,0.036956523
Romania,ROU,2014,0.038709678
Romania,ROU,2015,0.018652849
Romania,ROU,2016,0.035609756
Romania,ROU,2017,0.03681592
Romania,ROU,2018,0.042339806
Romania,ROU,2019,0.04509804
Romania,ROU,2020,0.044174757
Romania,ROU,2021,0.042924527
Romania,ROU,2022,0.052968036
Russia,RUS,1992,7.18057
Russia,RUS,1993,6.25922
Russia,RUS,1994,6.0347366
Russia,RUS,1995,5.259
Russia,RUS,1996,4.7545457
Russia,RUS,1997,4.3913045
Russia,RUS,1998,4.380165
Russia,RUS,1999,4.1796875
Russia,RUS,2000,3.9849625
Russia,RUS,2001,3.9416058
Russia,RUS,2002,4.8683825
Russia,RUS,2003,4.710145
Russia,RUS,2004,4.285714
Russia,RUS,2005,4.266667
Russia,RUS,2006,4.4701986
Russia,RUS,2007,4.451613
Russia,RUS,2008,4.519231
Russia,RUS,2009,4.223125
Russia,RUS,2010,4.3645964
Russia,RUS,2011,3.6515527
Russia,RUS,2012,3.4904191
Russia,RUS,2013,3.564674
Russia,RUS,2014,3.717742
Russia,RUS,2015,3.6860104
Russia,RUS,2016,3.4258537
Russia,RUS,2017,3.7865672
Russia,RUS,2018,4.225728
Russia,RUS,2019,3.982353
Russia,RUS,2020,3.9320388
Russia,RUS,2021,4.4339623
Russia,RUS,2022,4.2739725
Russia,RUS,2023,4.1363635
Saudi Arabia,SAU,1994,0.009652631
Saudi Arabia,SAU,1995,0.00925
Saudi Arabia,SAU,1996,0.010381818
Saudi Arabia,SAU,1997,0.009573913
Saudi Arabia,SAU,1998,0.00646281
Saudi Arabia,SAU,1999,0.0064140623
Saudi Arabia,SAU,2000,0.006293233
Saudi Arabia,SAU,2001,0.00729927
Saudi Arabia,SAU,2002,0.004411765
Saudi Arabia,SAU,2003,0.004543478
Saudi Arabia,SAU,2004,0.004435374
Saudi Arabia,SAU,2005,0.0044533336
Saudi Arabia,SAU,2006,0.0048344373
Saudi Arabia,SAU,2007,0.0047548385
Saudi Arabia,SAU,2008,0.009391026
Saudi Arabia,SAU,2009,0.01074375
Saudi Arabia,SAU,2010,0.009956522
Saudi Arabia,SAU,2011,0.012136646
Saudi Arabia,SAU,2012,0.026407186
Saudi Arabia,SAU,2013,0.027690217
Saudi Arabia,SAU,2014,0.058322582
Saudi Arabia,SAU,2015,0.059911918
Saudi Arabia,SAU,2016,0.13414635
Saudi Arabia,SAU,2017,0.18049254
Saudi Arabia,SAU,2018,0.27815533
Saudi Arabia,SAU,2019,0.32990196
Saudi Arabia,SAU,2020,0.36601943
Saudi Arabia,SAU,2021,0.36014152
Saudi Arabia,SAU,2022,0.34246576
Serbia,SRB,2006,0.07350993
Serbia,SRB,2007,0.106451616
Serbia,SRB,2008,0.11282051
Serbia,SRB,2009,0.12125
Serbia,SRB,2010,0.14161491
Serbia,SRB,2011,0.1621118
Serbia,SRB,2012,0.19281437
Serbia,SRB,2013,0.19673914
Serbia,SRB,2014,0.18139248
Serbia,SRB,2015,0.15454404
Serbia,SRB,2016,0.20146342
Serbia,SRB,2017,0.22288558
Serbia,SRB,2018,0.21407767
Serbia,SRB,2019,0.2134804
Serbia,SRB,2020,0.25343204
Serbia,SRB,2021,0.5714623
Serbia,SRB,2022,0.9314977
Serbia and Montenegro,OWID_SRM,1992,1.0328511
Serbia and Montenegro,OWID_SRM,1993,0.6045838
Serbia and Montenegro,OWID_SRM,1994,0.7826421
Serbia and Montenegro,OWID_SRM,1995,0.74619
Serbia and Montenegro,OWID_SRM,1996,0.6315182
Serbia and Montenegro,OWID_SRM,1997,0.63971305
Serbia and Montenegro,OWID_SRM,1998,0.58595043
Serbia and Montenegro,OWID_SRM,1999,0.40390626
Serbia and Montenegro,OWID_SRM,2000,0.34586465
Serbia and Montenegro,OWID_SRM,2001,0.22627737
Serbia and Montenegro,OWID_SRM,2002,0.16985294
Serbia and Montenegro,OWID_SRM,2003,0.11231884
Serbia and Montenegro,OWID_SRM,2004,0.093877554
Serbia and Montenegro,OWID_SRM,2005,0.07733333
Slovakia,SVK,2009,0.0000875
Slovakia,SVK,2010,0.00013664596
Slovakia,SVK,2011,0.00017391304
Slovakia,SVK,2012,0.00018562874
Slovakia,SVK,2013,0.00021739131
Slovakia,SVK,2014,0.00024731184
Slovakia,SVK,2015,0.00030051812
Slovakia,SVK,2016,0.0001902439
Slovakia,SVK,2017,0.00015920398
Slovakia,SVK,2018,0.00010194175
Slovakia,SVK,2019,0.00008333333
Slovakia,SVK,2020,0.00009708738
Slovakia,SVK,2021,0.00035849056
Slovakia,SVK,2022,0.0001369863
South Africa,ZAF,1970,2.4440677
South Africa,ZAF,1971,2.4983165
South Africa,ZAF,1972,2.475948
South Africa,ZAF,1973,2.540419
South Africa,ZAF,1974,2.52269
South Africa,ZAF,1975,2.6547034
South Africa,ZAF,1976,2.7118456
South Africa,ZAF,1977,2.7683828
South Africa,ZAF,1978,2.8261676
South Africa,ZAF,1979,2.5930748
South Africa,ZAF,1980,2.9215
South Africa,ZAF,1981,2.7121847
South Africa,ZAF,1982,2.5810423
South Africa,ZAF,1983,2.7872798
South Africa,ZAF,1984,2.6446862
South Africa,ZAF,1985,2.5663579
South Africa,ZAF,1986,2.4299245
South Africa,ZAF,1987,2.401857
South Africa,ZAF,1988,2.0432453
South Africa,ZAF,1989,2.1192145
South Africa,ZAF,1990,2.0474782
South Africa,ZAF,1991,2.075477
South Africa,ZAF,1992,1.8592819
South Africa,ZAF,1993,1.9915701
South Africa,ZAF,1994,1.8210527
South Africa,ZAF,1995,1.82
South Africa,ZAF,1996,1.709091
South Africa,ZAF,1997,1.6086956
South Africa,ZAF,1998,1.5520661
South Africa,ZAF,1999,1.2726562
South Africa,ZAF,2000,1.1097745
South Africa,ZAF,2001,1.0357665
South Africa,ZAF,2002,0.6617647
South Africa,ZAF,2003,0.64737684
South Africa,ZAF,2004,0.5830612
South Africa,ZAF,2005,0.59066665
South Africa,ZAF,2006,0.5927152
South Africa,ZAF,2007,0.62580645
South Africa,ZAF,2008,0.69679487
South Africa,ZAF,2009,0.6725
South Africa,ZAF,2010,0.63726705
South Africa,ZAF,2011,0.6
South Africa,ZAF,2012,0.53173655
South Africa,ZAF,2013,0.43924457
South Africa,ZAF,2014,0.42310214
South Africa,ZAF,2015,0.40082902
South Africa,ZAF,2016,0.31832683
South Africa,ZAF,2017,0.32588556
South Africa,ZAF,2018,0.22766991
South Africa,ZAF,2019,0.25735784
South Africa,ZAF,2020,0.1411068
South Africa,ZAF,2021,0.13352358
South Africa,ZAF,2022,0.22463013
South Korea,KOR,1970,0.027779661
South Korea,KOR,1971,0.029848484
South Korea,KOR,1972,0.031834863
South Korea,KOR,1973,0.03354046
South Korea,KOR,1974,0.04556338
South Korea,KOR,1975,0.034569733
South Korea,KOR,1976,0.028884297
South Korea,KOR,1977,0.022749325
South Korea,KOR,1978,0.009821429
South Korea,KOR,1979,0.006462585
South Korea,KOR,1980,0.0051666666
South Korea,KOR,1981,0.0065149544
South Korea,KOR,1982,0.004221636
South Korea,KOR,1983,0.0051116953
South Korea,KOR,1984,0.0059411013
South Korea,KOR,1985,0.0038548184
South Korea,KOR,1986,0.0027078085
South Korea,KOR,1987,0.0030218447
South Korea,KOR,2020,0
South Korea,KOR,2021,0
South Korea,KOR,2022,0
South Korea,KOR,2023,0
Spain,ESP,1970,0.16138983
Spain,ESP,1971,0.5729293
Spain,ESP,1972,0.61009175
Spain,ESP,1973,0.7454913
Spain,ESP,1974,0.658493
Spain,ESP,1975,0.4454006
Spain,ESP,1976,0.4802617
Spain,ESP,1977,0.5857412
Spain,ESP,1978,0.5556044
Spain,ESP,1979,0.5847891
Spain,ESP,1980,0.673375
Spain,ESP,1981,0.7337191
Spain,ESP,1982,0.628153
Spain,ESP,1983,0.7203417
Spain,ESP,1984,0.80800253
Spain,ESP,1985,0.7629537
Spain,ESP,1986,0.64337534
Spain,ESP,1987,0.19675972
Spain,ESP,1988,0.16244265
Spain,ESP,1989,0.30431417
Spain,ESP,1990,0.14456522
Spain,ESP,1991,0.08270097
Spain,ESP,1992,0.11470961
Spain,ESP,1993,0.0705058
Spain,ESP,1994,0.06256842
Spain,ESP,1995,0.24519
Spain,ESP,1996,0.34907272
Spain,ESP,1997,0.33814782
Spain,ESP,1998,0.32593387
Spain,ESP,1999,0.061421875
Spain,ESP,2000,0.18649624
Spain,ESP,2001,0.071532845
Spain,ESP,2002,0.00917647
Spain,ESP,2003,0.0046014492
Spain,ESP,2004,0.008897959
Spain,ESP,2005,0.049053334
Spain,ESP,2006,0.05383444
Spain,ESP,2007,0.04052258
Spain,ESP,2008,0.09062821
Spain,ESP,2009,0.11039375
Spain,ESP,2010,0.33748448
Spain,ESP,2011,0.42553416
Spain,ESP,2012,0.59816766
Spain,ESP,2013,0.5684783
Spain,ESP,2014,0.55860215
Spain,ESP,2015,0.583886
Spain,ESP,2016,0.8182244
Spain,ESP,2017,0.98683083
Spain,ESP,2018,0.911233
Spain,ESP,2019,0.8360588
Spain,ESP,2020,0.8867864
Spain,ESP,2021,0.6716085
Spain,ESP,2022,0.5881096
Sweden,SWE,1970,0.44547457
Sweden,SWE,1971,0.5084175
Sweden,SWE,1972,0.46818042
Sweden,SWE,1973,0.6476734
Sweden,SWE,1974,0.5723521
Sweden,SWE,1975,0.60287833
Sweden,SWE,1976,0.61790633
Sweden,SWE,1977,0.6032884
Sweden,SWE,1978,0.6512637
Sweden,SWE,1979,0.6227619
Sweden,SWE,1980,0.59423614
Sweden,SWE,1981,0.6693368
Sweden,SWE,1982,0.69501317
Sweden,SWE,1983,0.98998684
Sweden,SWE,1984,1.158105
Sweden,SWE,1985,1.1497747
Sweden,SWE,1986,1.1066877
Sweden,SWE,1987,1.0450606
Sweden,SWE,1988,0.86045873
Sweden,SWE,1989,0.788031
Sweden,SWE,1990,0.8074239
Sweden,SWE,1991,0.875134
Sweden,SWE,1992,0.9413411
Sweden,SWE,1993,0.9368704
Sweden,SWE,1994,0.83562106
Sweden,SWE,1995,0.83603
Sweden,SWE,1996,0.65144545
Sweden,SWE,1997,0.75313044
Sweden,SWE,1998,0.60896695
Sweden,SWE,1999,0.5559375
Sweden,SWE,2000,0.5846993
Sweden,SWE,2001,0.5421095
Sweden,SWE,2002,0.5293456
Sweden,SWE,2003,0.6024855
Sweden,SWE,2004,0.56064624
Sweden,SWE,2005,0.58045334
Sweden,SWE,2006,0.57447684
Sweden,SWE,2007,0.4058387
Sweden,SWE,2008,0.36979488
Sweden,SWE,2009,0.3463375
Sweden,SWE,2010,0.47524223
Sweden,SWE,2011,0.515323
Sweden,SWE,2012,0.4935449
Sweden,SWE,2013,0.45056522
Sweden,SWE,2014,0.42658603
Sweden,SWE,2015,0.3892487
Sweden,SWE,2016,0.38532683
Sweden,SWE,2017,0.5196518
Sweden,SWE,2018,0.5152524
Sweden,SWE,2019,0.48692158
Sweden,SWE,2020,0.48575243
Sweden,SWE,2021,0.4156038
Sweden,SWE,2022,0.40336528
Taiwan,TWN,1970,0.042372882
Taiwan,TWN,1971,0.04040404
Taiwan,TWN,1972,0.030519878
Taiwan,TWN,1973,0.03468208
Taiwan,TWN,1974,0.03521127
Taiwan,TWN,1975,0.02818991
Taiwan,TWN,1976,0.027548209
Taiwan,TWN,1977,0.026954178
Taiwan,TWN,1978,0.010989011
Taiwan,TWN,1979,0.008163265
Taiwan,TWN,1980,0.0069444445
Taiwan,TWN,1981,0.006501951
Tajikistan,TJK,2013,0.0032608695
Tajikistan,TJK,2014,0.0005376344
Tajikistan,TJK,2015,0.009264248
Tajikistan,TJK,2016,0.0121609755
Tajikistan,TJK,2017,0.014691542
Tajikistan,TJK,2018,0.015582524
Tajikistan,TJK,2019,0.011421569
Tajikistan,TJK,2020,0.004747573
Tajikistan,TJK,2021,0.00870283
Tajikistan,TJK,2022,0.0055068494
Tanzania,TZA,1998,0
Tanzania,TZA,1999,0
Tanzania,TZA,2000,0
Tanzania,TZA,2001,0.026277373
Tanzania,TZA,2002,0.030882353
Tanzania,TZA,2003,0.02692029
Tanzania,TZA,2004,0.028843537
Tanzania,TZA,2005,0.024406666
Tanzania,TZA,2006,0.021754967
Tanzania,TZA,2007,0.021135485
Tanzania,TZA,2008,0.018282052
Tanzania,TZA,2009,0.01924375
Tanzania,TZA,2010,0.039751552
Tanzania,TZA,2011,0.041913044
Tanzania,TZA,2012,0.03497006
Tanzania,TZA,2013,0.114891306
Tanzania,TZA,2014,0.08817204
Tanzania,TZA,2015,0.08704663
Tanzania,TZA,2016,0.08487805
Tanzania,TZA,2017,0.06467662
Tanzania,TZA,2018,0.18446602
Tanzania,TZA,2019,0.083333336
Tanzania,TZA,2020,0.28640777
Tanzania,TZA,2021,0.5424528
Tanzania,TZA,2022,0.53881276
Turkey,TUR,1970,0.5271186
Turkey,TUR,1971,0.5050505
Turkey,TUR,1972,0.3379205
Turkey,TUR,1973,0.43641618
Turkey,TUR,1974,0.4225352
Turkey,TUR,1975,0.4050445
Turkey,TUR,1976,0.40389806
Turkey,TUR,1977,0.4714151
Turkey,TUR,1978,0.37346154
Turkey,TUR,1979,0.4152517
Turkey,TUR,1980,0.29583332
Turkey,TUR,1981,0.41723016
Turkey,TUR,1982,0.43257257
Turkey,TUR,1983,0.32545334
Turkey,TUR,1984,0.39788732
Turkey,TUR,1985,0.37371716
Turkey,TUR,1986,0.32852644
Turkey,TUR,1987,0.38265777
Turkey,TUR,1988,0.43286696
Turkey,TUR,1989,0.42202434
Turkey,TUR,1990,0.43288043
Turkey,TUR,1991,0.4225295
Turkey,TUR,1992,0.3846357
Turkey,TUR,1993,0.4130664
Turkey,TUR,1994,0.4568421
Turkey,TUR,1995,0.445
Turkey,TUR,1996,0.47454545
Turkey,TUR,1997,0.56173915
Turkey,TUR,1998,0.6107438
Turkey,TUR,1999,0.57071096
Turkey,TUR,2000,0.57182705
Turkey,TUR,2001,0.41474453
Turkey,TUR,2002,0.35453677
Turkey,TUR,2003,0.31336957
Turkey,TUR,2004,0.33877552
Turkey,TUR,2005,0.36066666
Turkey,TUR,2006,0.30728477
Turkey,TUR,2007,0.5225806
Turkey,TUR,2008,0.52820516
Turkey,TUR,2009,0.4525
Turkey,TUR,2010,0.49627328
Turkey,TUR,2011,0.5745342
Turkey,TUR,2012,0.6245509
Turkey,TUR,2013,0.6548913
Turkey,TUR,2014,0.65591395
Turkey,TUR,2015,0.5595855
Turkey,TUR,2016,0.4878049
Turkey,TUR,2017,0.41293532
Turkey,TUR,2018,0.38640776
Turkey,TUR,2019,0.3602941
Turkey,TUR,2020,0.51941746
Turkey,TUR,2021,0.50990564
Turkey,TUR,2022,0.5251142
USSR,OWID_USS,1970,15.677966
USSR,OWID_USS,1971,16.666666
USSR,OWID_USS,1972,15.749235
USSR,OWID_USS,1973,15.317919
USSR,OWID_USS,1974,14.929578
USSR,OWID_USS,1975,16.320475
USSR,OWID_USS,1976,15.564738
USSR,OWID_USS,1977,14.824798
USSR,OWID_USS,1978,15.659341
USSR,OWID_USS,1979,15.374149
USSR,OWID_USS,1980,13.611111
USSR,OWID_USS,1981,13.0039015
USSR,OWID_USS,1982,13.324538
USSR,OWID_USS,1983,13.403417
USSR,OWID_USS,1984,13.06018
USSR,OWID_USS,1985,12.891114
USSR,OWID_USS,1986,12.972292
USSR,OWID_USS,1987,12.257281
USSR,OWID_USS,1988,11.353211
USSR,OWID_USS,1989,10.508849
USSR,OWID_USS,1990,9.782609
USSR,OWID_USS,1991,9.003216
Uganda,UGA,1973,0.20520231
Uganda,UGA,1974,0.16197184
Uganda,UGA,1975,0.12611276
Uganda,UGA,1976,0.09641873
Uganda,UGA,1977,0.053908356
Uganda,UGA,1978,0.0989011
United Kingdom,GBR,1970,0
United Kingdom,GBR,1972,0.0036391437
United Kingdom,GBR,1973,0.006632948
United Kingdom,GBR,1974,0.006112676
United Kingdom,GBR,1975,0.009673591
United Kingdom,GBR,1976,0.007603306
United Kingdom,GBR,1977,0.006105121
United Kingdom,GBR,1978,0.0018543956
United Kingdom,GBR,1979,0
United Kingdom,GBR,1980,0.0027777778
United Kingdom,GBR,1981,0.007893368
United Kingdom,GBR,1982,0.008562005
United Kingdom,GBR,1983,0.008567674
United Kingdom,GBR,1984,0.008412292
United Kingdom,GBR,1985,0.0074092615
United Kingdom,GBR,1986,0.007581864
United Kingdom,GBR,1987,0.009101942
United Kingdom,GBR,1988,0.008394496
United Kingdom,GBR,1989,0.005619469
United Kingdom,GBR,1990,0.010380435
United Kingdom,GBR,1991,0.0031511255
United States,USA,1970,26.441322
United States,USA,1971,23.247374
United States,USA,1972,23.093548
United States,USA,1973,22.521517
United States,USA,1974,20.405296
United States,USA,1975,19.023502
United States,USA,1976,20.062864
United States,USA,1977,18.387804
United States,USA,1978,18.648172
United States,USA,1979,19.681442
United States,USA,1980,16.404388
United States,USA,1981,20.00208
United States,USA,1982,15.131597
United States,USA,1983,13.641235
United States,USA,1984,14.117964
United States,USA,1985,13.799749
United States,USA,1986,14.449332
United States,USA,1987,15.092184
United States,USA,1988,16.249174
United States,USA,1989,16.568783
United States,USA,1990,17.258064
United States,USA,1991,17.482079
United States,USA,1992,18.635227
United States,USA,1993,18.981897
United States,USA,1994,19.473684
United States,USA,1995,18.491
United States,USA,1996,17.43909
United States,USA,1997,16.866087
United States,USA,1998,15.366942
United States,USA,1999,12.70625
United States,USA,2000,10.857895
United States,USA,2001,9.7708025
United States,USA,2002,8.4
United States,USA,2003,8.086957
United States,USA,2004,7.8911567
United States,USA,2005,7.6
United States,USA,2006,7.927152
United States,USA,2007,7.548387
United States,USA,2008,8.397436
United States,USA,2009,7.375
United States,USA,2010,6.89441
United States,USA,2011,6.912422
United States,USA,2012,6.9868264
United States,USA,2013,6.946739
United States,USA,2014,7.4446235
United States,USA,2015,7.150259
United States,USA,2016,6.97561
United States,USA,2017,6.2686567
United States,USA,2018,5.92233
United States,USA,2019,6.1764708
United States,USA,2020,5.8252425
United States,USA,2021,5.8018866
United States,USA,2022,5.6164384
United States,USA,2023,5
Uzbekistan,UZB,1992,0.5279831
Uzbekistan,UZB,1993,0.82191783
Uzbekistan,UZB,1994,0.51578945
Uzbekistan,UZB,1995,0.4
Uzbekistan,UZB,1996,0.58181816
Uzbekistan,UZB,1997,0.6469565
Uzbekistan,UZB,1998,0.61487603
Uzbekistan,UZB,1999,0.515625
Uzbekistan,UZB,2000,0.5263158
Uzbekistan,UZB,2001,0.5109489
Uzbekistan,UZB,2002,0.5882353
Uzbekistan,UZB,2003,0.5797101
Uzbekistan,UZB,2004,0.5442177
Uzbekistan,UZB,2005,0.53333336
Uzbekistan,UZB,2006,0.5298013
Uzbekistan,UZB,2007,0.516129
Uzbekistan,UZB,2008,0.51282054
Uzbekistan,UZB,2009,0.5
Uzbekistan,UZB,2010,0.49689442
Uzbekistan,UZB,2011,0.49689442
Uzbekistan,UZB,2012,0.5724551
Uzbekistan,UZB,2013,0.54347825
Uzbekistan,UZB,2014,0.53763443
Uzbekistan,UZB,2015,0.53367877
Uzbekistan,UZB,2016,0.6585366
Uzbekistan,UZB,2017,0.6970149
Uzbekistan,UZB,2018,0.6854369
Uzbekistan,UZB,2019,0.6730392
Uzbekistan,UZB,2020,0.69320387
Uzbekistan,UZB,2021,0.7004717
Uzbekistan,UZB,2022,0.67808217
Vietnam,VNM,1999,0.00546875
Vietnam,VNM,2000,0.018045112
Vietnam,VNM,2001,0.011678832
Vietnam,VNM,2002,0.008088236
Vietnam,VNM,2003,0.008695652
Vietnam,VNM,2004,0.013605442
Vietnam,VNM,2005,0.020666666
Vietnam,VNM,2006,0.07549669
Vietnam,VNM,2007,0.08064516
Vietnam,VNM,2008,0.073846154
Vietnam,VNM,2009,0.08084375
Vietnam,VNM,2010,0.07614907
Vietnam,VNM,2011,0.07383851
Vietnam,VNM,2012,0.07614371
Vietnam,VNM,2013,0.070423916
Vietnam,VNM,2014,0.10911828
Vietnam,VNM,2015,0.116704665
Vietnam,VNM,2016,0.11041951
Vietnam,VNM,2017,0.106721394
Vietnam,VNM,2018,0.12735437
Vietnam,VNM,2019,0.148
Vietnam,VNM,2020,0.14942719
Vietnam,VNM,2021,0.16004717
Vietnam,VNM,2022,0.15848859
West Germany,OWID_GFR,1970,0.025033899
West Germany,OWID_GFR,1971,0.024983166
West Germany,OWID_GFR,1972,0.020198777
West Germany,OWID_GFR,1973,0.020751445
West Germany,OWID_GFR,1974,0.024422536
West Germany,OWID_GFR,1975,0.029094955
West Germany,OWID_GFR,1976,0.022217631
West Germany,OWID_GFR,1977,0.016307278
West Germany,OWID_GFR,1978,0.011277473
West Germany,OWID_GFR,1979,0.011578231
West Germany,OWID_GFR,1980,0.017694445
West Germany,OWID_GFR,1981,0.018205462
West Germany,OWID_GFR,1982,0.017150396
West Germany,OWID_GFR,1983,0.015768725
West Germany,OWID_GFR,1984,0.0128040975
West Germany,OWID_GFR,1985,0.01126408
West Germany,OWID_GFR,1986,0.010075566
West Germany,OWID_GFR,1987,0.018203884
West Germany,OWID_GFR,1988,0.008027523
West Germany,OWID_GFR,1989,0.0011061947
West Germany,OWID_GFR,1990,0
World,OWID_WRL,1900,100
World,OWID_WRL,1901,100
World,OWID_WRL,1902,100
World,OWID_WRL,1903,100
World,OWID_WRL,1904,100
World,OWID_WRL,1905,100
World,OWID_WRL,1906,100
World,OWID_WRL,1907,100
World,OWID_WRL,1908,100
World,OWID_WRL,1909,100
World,OWID_WRL,1910,100
World,OWID_WRL,1911,100
World,OWID_WRL,1912,100
World,OWID_WRL,1913,100
World,OWID_WRL,1914,100
World,OWID_WRL,1915,100
World,OWID_WRL,1916,100
World,OWID_WRL,1917,100
World,OWID_WRL,1918,100
World,OWID_WRL,1919,100
World,OWID_WRL,1920,100
World,OWID_WRL,1921,100
World,OWID_WRL,1922,100
World,OWID_WRL,1923,100
World,OWID_WRL,1924,100
World,OWID_WRL,1925,100
World,OWID_WRL,1926,100
World,OWID_WRL,1927,100
World,OWID_WRL,1928,100
World,OWID_WRL,1929,100
World,OWID_WRL,1930,100
World,OWID_WRL,1931,100
World,OWID_WRL,1932,100
World,OWID_WRL,1933,100
World,OWID_WRL,1934,100
World,OWID_WRL,1935,100
World,OWID_WRL,1936,100
World,OWID_WRL,1937,100
World,OWID_WRL,1938,100
World,OWID_WRL,1939,100
World,OWID_WRL,1940,100
World,OWID_WRL,1941,100
World,OWID_WRL,1942,100
World,OWID_WRL,1943,100
World,OWID_WRL,1944,100
World,OWID_WRL,1945,100
World,OWID_WRL,1946,100
World,OWID_WRL,1947,100
World,OWID_WRL,1948,100
World,OWID_WRL,1949,100
World,OWID_WRL,1950,100
World,OWID_WRL,1951,100
World,OWID_WRL,1952,100
World,OWID_WRL,1953,100
World,OWID_WRL,1954,100
World,OWID_WRL,1955,100
World,OWID_WRL,1956,100
World,OWID_WRL,1957,100
World,OWID_WRL,1958,100
World,OWID_WRL,1959,100
World,OWID_WRL,1960,100
World,OWID_WRL,1961,100
World,OWID_WRL,1962,100
World,OWID_WRL,1963,100
World,OWID_WRL,1964,100
World,OWID_WRL,1965,100
World,OWID_WRL,1966,100
World,OWID_WRL,1967,100
World,OWID_WRL,1968,100
World,OWID_WRL,1969,100
World,OWID_WRL,1970,100
World,OWID_WRL,1971,100
World,OWID_WRL,1972,100
World,OWID_WRL,1973,100
World,OWID_WRL,1974,100
World,OWID_WRL,1975,100
World,OWID_WRL,1976,100
World,OWID_WRL,1977,100
World,OWID_WRL,1978,100
World,OWID_WRL,1979,100
World,OWID_WRL,1980,100
World,OWID_WRL,1981,100
World,OWID_WRL,1982,100
World,OWID_WRL,1983,100
World,OWID_WRL,1984,100
World,OWID_WRL,1985,100
World,OWID_WRL,1986,100
World,OWID_WRL,1987,100
World,OWID_WRL,1988,100
World,OWID_WRL,1989,100
World,OWID_WRL,1990,100
World,OWID_WRL,1991,100
World,OWID_WRL,1992,100
World,OWID_WRL,1993,100
World,OWID_WRL,1994,100
World,OWID_WRL,1995,100
World,OWID_WRL,1996,100
World,OWID_WRL,1997,100
World,OWID_WRL,1998,100
World,OWID_WRL,1999,100
World,OWID_WRL,2000,100
World,OWID_WRL,2001,100
World,OWID_WRL,2002,100
World,OWID_WRL,2003,100
World,OWID_WRL,2004,100
World,OWID_WRL,2005,100
World,OWID_WRL,2006,100
World,OWID_WRL,2007,100
World,OWID_WRL,2008,100
World,OWID_WRL,2009,100
World,OWID_WRL,2010,100
World,OWID_WRL,2011,100
World,OWID_WRL,2012,100
World,OWID_WRL,2013,100
World,OWID_WRL,2014,100
World,OWID_WRL,2015,100
World,OWID_WRL,2016,100
World,OWID_WRL,2017,100
World,OWID_WRL,2018,100
World,OWID_WRL,2019,100
World,OWID_WRL,2020,100
World,OWID_WRL,2021,100
World,OWID_WRL,2022,100
World,OWID_WRL,2023,100
Yugoslavia,OWID_YGS,1970,1.5391186
Yugoslavia,OWID_YGS,1971,1.589091
Yugoslavia,OWID_YGS,1972,1.5769572
Yugoslavia,OWID_YGS,1973,1.6155636
Yugoslavia,OWID_YGS,1974,1.5785916
Yugoslavia,OWID_YGS,1975,1.7046587
Yugoslavia,OWID_YGS,1976,1.6546832
Yugoslavia,OWID_YGS,1977,1.5662804
Yugoslavia,OWID_YGS,1978,1.6939423
Yugoslavia,OWID_YGS,1979,1.515932
Yugoslavia,OWID_YGS,1980,1.59425
Yugoslavia,OWID_YGS,1981,1.4429259
Yugoslavia,OWID_YGS,1982,1.5738654
Yugoslavia,OWID_YGS,1983,1.7017871
Yugoslavia,OWID_YGS,1984,1.7615237
Yugoslavia,OWID_YGS,1985,1.7832165
Yugoslavia,OWID_YGS,1986,1.7448866
Yugoslavia,OWID_YGS,1987,1.5833738
Yugoslavia,OWID_YGS,1988,1.1871904
Yugoslavia,OWID_YGS,1989,1.5445907
Yugoslavia,OWID_YGS,1990,1.5233152
Yugoslavia,OWID_YGS,1991,1.3059164
Zambia,ZMB,1970,11.594915
Zambia,ZMB,1971,10.96633
Zambia,ZMB,1972,10.974006
Zambia,ZMB,1973,10.210607
Zambia,ZMB,1974,9.830366
Zambia,ZMB,1975,9.601825
Zambia,ZMB,1976,9.802769
Zambia,ZMB,1977,8.878545
Zambia,ZMB,1978,8.983682
Zambia,ZMB,1979,7.973415
Zambia,ZMB,1980,8.471319
Zambia,ZMB,1981,7.6390376
Zambia,ZMB,1982,6.987348
Zambia,ZMB,1983,7.7700396
Zambia,ZMB,1984,7.37516
Zambia,ZMB,1985,6.392991
Zambia,ZMB,1986,6.459169
Zambia,ZMB,1987,6.395631
Zambia,ZMB,1988,5.941078
Zambia,ZMB,1989,5.974325
Zambia,ZMB,1990,5.9312716
Zambia,ZMB,1991,4.533762
Zambia,ZMB,1992,4.56811
Zambia,ZMB,1993,4.5468917
Zambia,ZMB,1994,4.0463157
Zambia,ZMB,1995,3.41938
Zambia,ZMB,1996,3.0885818
Zambia,ZMB,1997,2.8803043
Zambia,ZMB,1998,3.130562
Zambia,ZMB,1999,2.1171484
Zambia,ZMB,2000,1.8744662
Zambia,ZMB,2001,2.2402117
Zambia,ZMB,2002,2.2634852
Zambia,ZMB,2003,2.5137682
Zambia,ZMB,2004,2.7911565
Zambia,ZMB,2005,3.1000133
Zambia,ZMB,2006,3.29251
Zambia,ZMB,2007,3.3806453
Zambia,ZMB,2008,3.6391025
Zambia,ZMB,2009,3.7575
Zambia,ZMB,2010,4.7640247
Zambia,ZMB,2011,4.1204967
Zambia,ZMB,2012,4.162874
Zambia,ZMB,2013,4.129348
Zambia,ZMB,2014,3.8078442
Zambia,ZMB,2015,3.6832125
Zambia,ZMB,2016,3.5383365
Zambia,ZMB,2017,3.9664974
Zambia,ZMB,2018,4.2516894
Zambia,ZMB,2019,3.8722646
Zambia,ZMB,2020,4.1407766
Zambia,ZMB,2021,3.971698
Zambia,ZMB,2022,3.6392694
Zambia,ZMB,2023,3.4545455
Zimbabwe,ZWE,1970,0.40677965
Zimbabwe,ZWE,1971,0.3922559
Zimbabwe,ZWE,1972,0.48623854
Zimbabwe,ZWE,1973,0.50578034
Zimbabwe,ZWE,1974,0.5633803
Zimbabwe,ZWE,1975,0.70591986
Zimbabwe,ZWE,1976,0.663719
Zimbabwe,ZWE,1977,0.46855795
Zimbabwe,ZWE,1978,0.46494505
Zimbabwe,ZWE,1979,0.40440816
Zimbabwe,ZWE,1980,0.373625
Zimbabwe,ZWE,1981,0.3196749
Zimbabwe,ZWE,1982,0.32717678
Zimbabwe,ZWE,1983,0.28331143
Zimbabwe,ZWE,1984,0.29048654
Zimbabwe,ZWE,1985,0.25907385
Zimbabwe,ZWE,1986,0.25944585
Zimbabwe,ZWE,1987,0.22815534
Zimbabwe,ZWE,1988,0.18481651
Zimbabwe,ZWE,1989,0.17477876
Zimbabwe,ZWE,1990,0.16086957
Zimbabwe,ZWE,1991,0.14802787
Zimbabwe,ZWE,1992,0.10214361
Zimbabwe,ZWE,1993,0.08626976
Zimbabwe,ZWE,1994,0.09842105
Zimbabwe,ZWE,1995,0.08045
Zimbabwe,ZWE,1996,0.08207273
Zimbabwe,ZWE,1997,0.059408695
Zimbabwe,ZWE,1998,0.024305785
Zimbabwe,ZWE,1999,0.038882814
Zimbabwe,ZWE,2000,0.0041954885
Zimbabwe,ZWE,2001,0.015014598
Zimbabwe,ZWE,2002,0.01839706
Zimbabwe,ZWE,2003,0.020050725
Zimbabwe,ZWE,2004,0.016210884
Zimbabwe,ZWE,2005,0.017133333
Zimbabwe,ZWE,2006,0.017092716
Zimbabwe,ZWE,2007,0.017296774
Zimbabwe,ZWE,2008,0.018121796
Zimbabwe,ZWE,2009,0.022325
Zimbabwe,ZWE,2010,0.028751552
Zimbabwe,ZWE,2011,0.040714286
Zimbabwe,ZWE,2012,0.03991018
Zimbabwe,ZWE,2013,0.045027174
Zimbabwe,ZWE,2014,0.04441398
Zimbabwe,ZWE,2015,0.04258031
Zimbabwe,ZWE,2016,0.044395123
Zimbabwe,ZWE,2017,0.043975126
Zimbabwe,ZWE,2018,0.044063106
Zimbabwe,ZWE,2019,0.04264706
Zimbabwe,ZWE,2020,0.038509708
Zimbabwe,ZWE,2021,0.040801886
Zimbabwe,ZWE,2022,0.046429224